"id","esco","esco.ec","esco.mc","esco.soc","cred1","cred2","cred3","cred4","prop.aprob.exam","gen","horas","sexto","edad","Xfem","Xhijos","Xocup","XeduP","XeduM","carr11","carr14","EDAoMCEDA","busca.trabajo","sexto.mvd","sexto.priv"
4,NA,NA,NA,NA,0,0,0,0,NA,2012,"Más de 40 horas","Montevideo Privada",33,0,0,1,"Bajo","Medio",0,0,0,0,1,1
6,2.58823529411765,3.8,1.2,1.75,40,20,0,20,0.285714285714286,2013,"Más de 40 horas","Interior Publica",44,1,1,1,"Bajo","Medio",0,0,0,0,0,0
7,NA,NA,NA,NA,0,0,0,0,NA,2012,"Entre 30 y 40 horas","Montevideo Publica",32,0,0,1,"Bajo","Bajo",0,0,0,0,1,0
9,6.5,8,0,9,10,20,0,0,0,2013,"Entre 30 y 40 horas","Montevideo Publica",39,0,1,1,"Bajo","Bajo",0,0,0,0,1,0
11,9.125,8,0,10,50,30,0,0,0,2013,"Entre 10 y 20 horas","Interior Publica",33,1,1,1,"Medio","Medio",0,0,0,0,0,0
16,3.3125,3.8,3.33333333333333,0,40,30,10,0,0.25,2013,"No corresponde","Interior Publica",30,0,0,0,"Medio","Medio",1,1,0,1,0,0
17,2.66666666666667,2.33333333333333,0,4.25,10,0,30,0,0.25,2013,"Más de 40 horas","Montevideo Publica",30,0,1,1,NA,"Alto",0,1,0,0,1,0
18,8.5,7,0,0,20,0,0,0,0,2013,"No corresponde","Montevideo Privada",30,0,0,0,"Alto","Alto",0,0,0,1,1,1
19,1.4,0,0,5.125,10,10,20,15,1,2013,"No corresponde","Montevideo Publica",29,0,0,0,"Medio","Medio",1,1,0,0,1,0
24,NA,NA,NA,NA,0,0,0,0,NA,2013,"Más de 40 horas","Montevideo Publica",39,0,1,1,"Medio","Bajo",0,0,0,0,1,0
27,0,0,0,0,0,0,0,0,NA,2013,"Más de 40 horas","Montevideo Publica",29,1,0,1,"Medio","Bajo",0,0,0,0,1,0
28,NA,NA,NA,NA,0,0,0,0,NA,2013,"Entre 20 y 30 horas","Montevideo Publica",39,1,1,1,"Bajo","Medio",0,0,0,0,1,0
29,7,7.33333333333333,8.5,6.5,20,40,30,20,0.181818181818182,2013,"Más de 40 horas","Interior Publica",29,0,1,1,"Bajo","Alto",1,0,0,0,0,0
32,6.72222222222222,7.16666666666667,3,8.8,70,60,20,20,0.1875,2012,"Más de 40 horas","Montevideo Publica",33,0,0,1,"Medio","Alto",0,0,0,0,1,0
33,3,0,0,9,10,0,0,0,1,2012,"Menos de 10 horas","Montevideo Publica",28,1,0,1,"Alto","Medio",0,0,0,0,1,0
34,4.8,6.5,2.16666666666667,7.5,40,30,30,20,0.363636363636364,2012,"Menos de 10 horas","Montevideo Publica",26,0,0,1,"Medio","Bajo",1,0,0,0,1,0
38,NA,NA,NA,NA,0,0,0,0,NA,2012,"Más de 40 horas","Montevideo Publica",27,1,1,1,"Medio","Medio",0,0,0,0,1,0
39,NA,NA,NA,NA,0,0,0,0,NA,2012,"Entre 30 y 40 horas","Montevideo Publica",25,1,0,1,"Bajo","Bajo",0,0,0,0,1,0
42,NA,NA,NA,NA,0,0,0,0,NA,2013,"Menos de 10 horas","Montevideo Privada",26,1,0,1,"Bajo","Alto",0,0,0,0,1,1
45,NA,NA,NA,NA,0,0,0,0,NA,2013,"Más de 40 horas","Montevideo Publica",27,1,0,1,"Alto","Alto",0,0,0,0,1,0
46,9,9,9,0,20,20,0,0,0,2012,"Entre 20 y 30 horas","Montevideo Publica",24,1,1,1,"Medio","Bajo",1,0,0,0,1,0
53,NA,NA,NA,NA,0,0,0,0,NA,2012,"Entre 30 y 40 horas","Montevideo Privada",26,1,0,1,"Medio","Medio",0,0,0,0,1,1
57,6,6,0,0,10,0,0,0,0,2013,"Más de 40 horas","Interior Publica",30,0,0,1,"Bajo","Bajo",1,0,0,0,0,0
60,6.66666666666667,7,6.5,0,20,10,0,0,0,2012,"Más de 40 horas","Montevideo Publica",28,0,0,1,"Bajo","Medio",1,1,0,0,1,0
63,NA,NA,NA,NA,0,0,0,0,NA,2012,"Menos de 10 horas","Interior Publica",23,0,0,1,"Medio","Bajo",0,0,0,0,0,0
65,0,0,0,0,0,0,0,0,NA,2012,"Entre 20 y 30 horas","Montevideo Publica",26,0,0,1,"Bajo","Bajo",0,1,0,0,1,0
66,7,7.57142857142857,6.2,10,60,80,30,40,0.19047619047619,2013,"Entre 10 y 20 horas","Montevideo Privada",24,0,0,1,"Medio","Alto",1,1,0,0,1,1
70,3,0,3,0,10,0,0,0,0,2012,"Entre 20 y 30 horas","Interior Publica",23,0,0,1,"Medio","Medio",0,0,0,0,0,0
73,2.66666666666667,0,0,0,0,10,0,0,0,2013,"Entre 30 y 40 horas","Montevideo Publica",30,0,1,1,"Alto","Medio",0,0,0,0,1,0
80,6.77272727272727,8.11111111111111,5,7,80,60,20,50,0.15,2013,"Entre 20 y 30 horas","Montevideo Publica",23,1,0,1,"Bajo","Alto",0,0,0,0,1,0
81,NA,NA,NA,NA,0,0,0,0,NA,2013,"No corresponde","Interior Publica",24,1,0,0,"Bajo","Bajo",0,0,0,1,0,0
82,7.25,7,9,0,40,0,40,30,0.0833333333333333,2013,"Entre 30 y 40 horas","Montevideo Publica",24,0,0,1,"Bajo","Bajo",1,1,1,0,1,0
84,4.92592592592593,5.7,5,5,60,60,80,20,0.238095238095238,2012,"No corresponde","Montevideo Privada",22,0,0,0,"Medio","Medio",1,0,0,1,1,1
88,NA,NA,NA,NA,0,0,0,0,NA,2013,"Entre 20 y 30 horas","Montevideo Privada",25,0,0,1,"Alto","Alto",0,0,0,0,1,1
90,1,0,0,0,0,0,0,0,NA,2012,"Más de 40 horas","Montevideo Privada",27,1,0,1,"Medio","Medio",0,1,0,0,1,1
96,6,7,0,0,30,0,0,0,0.333333333333333,2012,"Más de 40 horas","Montevideo Publica",26,0,0,1,"Alto","Alto",1,0,0,0,1,0
97,NA,NA,NA,NA,0,0,0,0,NA,2012,"Más de 40 horas","Interior Publica",33,1,1,1,"Bajo","Alto",1,0,0,0,0,0
103,7,6.4,7,7.33333333333333,0,30,40,60,0,2013,"Más de 40 horas","Montevideo Publica",24,0,0,1,"Medio","Medio",0,0,1,0,1,0
104,1.27272727272727,1.66666666666667,1,9,30,0,15,0,0.6,2013,"Entre 10 y 20 horas","Interior Publica",22,0,0,1,"Medio","Medio",1,0,1,0,0,0
107,4,3,7,0,30,0,0,0,0,2012,"No corresponde","Montevideo Privada",22,0,0,0,"Medio","Medio",1,0,0,0,1,1
109,2.97297297297297,5.3,1.6875,1.83333333333333,30,50,40,110,0.526315789473684,2012,"No corresponde","Interior Publica",22,0,0,0,NA,NA,1,0,0,0,0,0
110,1.8695652173913,3,0,2.55555555555556,10,20,50,20,0.625,2013,"Entre 10 y 20 horas","Montevideo Privada",22,0,0,1,"Medio","Medio",0,0,0,0,1,1
111,7.92592592592593,7.58333333333333,8,8,70,70,50,90,0.0740740740740741,2012,"Entre 10 y 20 horas","Montevideo Privada",20,0,0,1,"Medio","Medio",0,0,0,0,1,1
115,NA,NA,NA,NA,0,0,0,0,NA,2013,"Más de 40 horas","Montevideo Publica",27,0,0,1,"Bajo","Bajo",1,0,0,0,1,0
116,6.33333333333333,6.16666666666667,5.42857142857143,6.57142857142857,70,70,70,70,0.111111111111111,2012,"No corresponde","Interior Publica",20,0,0,0,"Bajo","Bajo",0,0,0,1,0,0
118,5.77777777777778,7,6,0,70,10,0,0,0.25,2012,"No corresponde","Montevideo Privada",21,1,0,0,"Medio","Alto",1,0,0,0,1,1
120,NA,NA,NA,NA,0,0,0,0,NA,2013,"Entre 30 y 40 horas","Montevideo Publica",26,0,0,1,"Medio","Medio",0,0,0,0,1,0
121,NA,NA,NA,NA,0,0,0,0,NA,2013,"No corresponde","Interior Publica",21,0,0,0,"Medio","Alto",0,0,0,1,0,0
122,1.125,6,0,0,20,0,0,0,1,2012,"Entre 30 y 40 horas","Interior Privada",22,1,0,1,"Alto","Alto",1,0,0,0,0,1
126,NA,NA,NA,NA,0,0,0,0,NA,2012,"No corresponde","Montevideo Privada",20,0,0,0,"Medio","Alto",0,0,0,1,1,1
128,NA,NA,NA,NA,0,0,0,0,NA,2012,"No corresponde","Montevideo Privada",20,1,0,0,"Medio","Medio",1,0,0,1,1,1
130,7.61111111111111,7.66666666666667,7.5,8.25,70,50,20,40,0,2012,"No corresponde","Interior Privada",22,0,0,0,"Medio","Bajo",1,1,0,1,0,1
135,1.5,3,0,0,10,0,0,0,0,2012,"No corresponde","Interior Publica",21,0,0,0,"Medio","Medio",0,0,1,0,0,0
136,5.16666666666667,7,6,6,50,0,0,0,0.2,2012,"Entre 10 y 20 horas","Interior Privada",21,0,0,1,"Alto","Bajo",0,0,0,0,0,1
137,3.85,3.83333333333333,5,3.33333333333333,40,50,40,0,0.307692307692308,2012,"No corresponde","Montevideo Publica",19,0,0,0,"Medio","Medio",0,1,0,0,1,0
138,3.10526315789474,3.2,1.14285714285714,4.33333333333333,50,10,20,30,0.4,2012,"Entre 10 y 20 horas","Montevideo Privada",21,0,0,1,"Bajo","Medio",0,0,0,0,1,1
142,0,0,0,0,0,0,0,0,NA,2012,"No corresponde","Interior Publica",23,0,0,0,"Bajo","Medio",1,0,0,1,0,0
143,7.22222222222222,7.57142857142857,5.83333333333333,8.5,0,60,50,60,0.0588235294117647,2012,"No corresponde","Interior Publica",19,0,0,0,"Bajo","Bajo",0,0,0,0,0,0
144,NA,NA,NA,NA,0,0,0,0,NA,2013,"No corresponde","Interior Publica",20,1,0,0,NA,"Bajo",1,1,0,0,0,0
146,5.63636363636364,6.53846153846154,5,5.4,90,60,70,80,0.142857142857143,2012,"No corresponde","Montevideo Privada",20,0,0,0,"Alto","Medio",0,0,0,0,1,1
150,0,0,0,0,0,0,0,0,NA,2012,"No corresponde","Interior Publica",19,0,0,0,"Bajo","Bajo",0,0,0,1,0,0
151,1.5,0,0,0,10,0,0,0,1,2012,"No corresponde","Interior Publica",20,0,0,0,"Bajo","Bajo",1,0,1,1,0,0
152,NA,NA,NA,NA,0,0,0,0,NA,2013,"Más de 40 horas","Montevideo Publica",28,0,0,1,"Bajo","Medio",0,0,0,0,1,0
153,7.5,8,0,7.75,20,10,0,30,0,2012,"No corresponde","Interior Publica",20,0,0,0,"Alto","Bajo",0,0,0,1,0,0
155,6.66666666666667,7.4,5.5,6.33333333333333,70,40,70,80,0.08,2012,"No corresponde","Montevideo Privada",19,0,0,0,"Medio","Medio",1,0,0,0,1,1
156,1.33333333333333,0,0,1.5,10,10,0,0,1,2012,"Entre 30 y 40 horas","Montevideo Publica",19,1,0,1,"Bajo","Bajo",0,0,0,0,1,0
158,2.41379310344828,1.46666666666667,1.5,6.66666666666667,60,30,20,40,0.461538461538462,2012,"No corresponde","Montevideo Privada",20,0,0,0,"Medio","Medio",1,0,1,1,1,1
161,NA,NA,NA,NA,0,0,0,0,NA,2012,"No corresponde","Montevideo Privada",19,1,0,0,"Medio","Medio",0,0,0,0,1,1
169,NA,NA,NA,NA,0,0,0,0,NA,2013,"No corresponde","Montevideo Privada",21,0,0,0,"Alto","Medio",0,0,0,0,1,1
171,4.77777777777778,5.5,7,8,50,30,20,30,0.307692307692308,2012,"No corresponde","Montevideo Privada",19,0,0,0,NA,"Medio",1,0,0,0,1,1
172,5.88571428571429,7.8,6.5,7,90,90,50,100,0.290322580645161,2012,"No corresponde","Montevideo Publica",19,1,0,0,"Medio","Bajo",1,0,0,1,1,0
173,3.4,4.5,0,0,0,0,20,10,0.333333333333333,2012,"Entre 20 y 30 horas","Montevideo Publica",21,1,0,1,"Medio","Bajo",1,0,0,0,1,0
174,NA,NA,NA,NA,0,0,0,0,NA,2012,"Entre 20 y 30 horas","Montevideo Privada",20,1,0,1,"Medio","Medio",1,0,0,0,1,1
175,0,0,0,0,0,0,0,0,NA,2012,"No corresponde","Montevideo Privada",19,0,0,0,"Bajo","Bajo",0,0,0,0,1,1
176,NA,NA,NA,NA,0,0,0,0,NA,2013,"Menos de 10 horas","Montevideo Privada",20,0,0,1,"Medio","Alto",0,0,0,0,1,1
179,8.55555555555556,8.66666666666667,9,8,20,20,10,40,0.111111111111111,2013,"Entre 30 y 40 horas","Montevideo Privada",21,0,0,1,"Medio","Bajo",1,0,0,0,1,1
180,4.3,7,4.33333333333333,9,50,0,10,0,0,2012,"No corresponde","Montevideo Privada",21,0,0,0,"Bajo","Medio",1,0,0,0,1,1
182,3.3125,2.5,1,7,10,30,40,0,0.375,2013,"No corresponde","Interior Privada",19,0,0,0,"Medio","Medio",1,0,0,0,0,1
183,0,0,0,0,0,0,0,0,NA,2012,"No corresponde","Montevideo Publica",19,1,0,0,"Bajo","Medio",0,0,0,0,1,0
184,7.31428571428571,7.93333333333333,4.625,8,90,60,90,100,0.242424242424242,2012,"No corresponde","Montevideo Privada",18,1,0,0,"Bajo","Alto",0,1,0,0,1,1
185,4.5,5.625,2,6.16666666666667,70,40,50,30,0.294117647058824,2013,"No corresponde","Montevideo Publica",21,0,0,0,"Bajo","Alto",0,0,0,0,1,0
186,NA,NA,NA,NA,0,0,0,0,NA,2012,"No corresponde","Montevideo Privada",20,0,0,0,NA,"Medio",0,0,0,1,1,1
187,NA,NA,NA,NA,0,0,0,0,NA,2013,"Más de 40 horas","Montevideo Publica",28,0,1,1,"Medio","Bajo",0,0,0,0,1,0
189,6.25,7,0,7,40,0,0,0,0.5,2012,"Entre 10 y 20 horas","Montevideo Privada",18,1,0,1,"Medio","Medio",0,0,0,0,1,1
193,8.27027027027027,8.75,6.85714285714286,9.2,100,90,90,70,0.0285714285714286,2013,"No corresponde","Montevideo Privada",19,1,0,0,"Medio","Alto",1,0,0,0,1,1
194,1.72727272727273,1.76923076923077,3,1.83333333333333,40,30,20,40,0.461538461538462,2012,"No corresponde","Montevideo Publica",19,0,0,0,"Bajo","Bajo",1,0,0,0,1,0
195,4,8,0,0,10,0,0,0,0,2012,"No corresponde","Montevideo Publica",21,1,0,0,"Medio","Medio",0,0,0,0,1,0
196,6.13333333333333,7.66666666666667,8,6.5,50,30,30,30,0.230769230769231,2012,"No corresponde","Montevideo Privada",18,0,0,0,"Medio","Medio",1,0,0,0,1,1
197,0,0,0,0,0,0,0,0,NA,2012,"No corresponde","Interior Publica",18,1,0,0,"Medio","Bajo",0,0,0,0,0,0
198,NA,NA,NA,NA,0,0,0,0,NA,2012,"No corresponde","Montevideo Privada",20,0,0,0,NA,"Medio",0,0,0,1,1,1
199,0,0,0,0,0,0,0,0,NA,2013,"No corresponde","Interior Publica",19,0,0,0,"Bajo","Bajo",1,0,0,0,0,0
200,2.33333333333333,8,0,6,20,0,0,0,0,2012,"No corresponde","Interior Publica",18,0,0,0,"Bajo","Bajo",1,0,0,0,0,0
201,5.57142857142857,5,8,0,0,30,0,20,0,2012,"No corresponde","Montevideo Privada",19,0,1,0,"Medio","Medio",1,1,0,0,1,1
202,5,4,5.33333333333333,9,10,30,75,10,0.214285714285714,2013,"No corresponde","Montevideo Publica",25,1,0,0,"Alto","Medio",1,1,1,1,1,0
205,2.81818181818182,2,3,4.5,20,30,0,0,0.2,2012,"No corresponde","Montevideo Privada",18,1,0,0,"Medio","Medio",1,0,0,0,1,1
207,NA,NA,NA,NA,0,0,0,0,NA,2012,"Entre 30 y 40 horas","Montevideo Privada",18,0,0,1,"Bajo","Bajo",0,0,0,0,1,1
208,2.5,0,0,0,0,0,10,0,0,2013,"Entre 30 y 40 horas","Montevideo Privada",26,0,0,1,"Bajo","Bajo",0,0,1,0,1,1
211,0,0,0,0,0,0,0,0,NA,2012,"No corresponde","Montevideo Privada",19,1,0,0,"Bajo","Medio",0,0,0,1,1,1
212,0,0,0,0,0,0,0,0,NA,2013,"No corresponde","Interior Publica",19,0,0,0,"Bajo","Medio",1,1,0,0,0,0
215,4.15384615384615,6.33333333333333,4.5,2,60,20,10,0,0.222222222222222,2012,"No corresponde","Montevideo Privada",18,1,0,0,"Alto","Alto",1,0,0,0,1,1
216,6.5,6.58333333333333,3.33333333333333,8.8,90,60,50,20,0.181818181818182,2012,"No corresponde","Montevideo Privada",18,1,0,0,"Bajo","Alto",0,1,0,0,1,1
217,5.54545454545455,6.33333333333333,5,4.25,70,10,0,20,0.2,2013,"No corresponde","Montevideo Publica",19,0,0,0,"Bajo","Bajo",0,0,0,0,1,0
218,0.230769230769231,0.6,0,0,0,10,0,0,1,2012,"No corresponde","Montevideo Publica",19,0,0,0,"Medio","Bajo",0,0,1,1,1,0
219,6,6,0,0,10,0,0,0,0,2012,"No corresponde","Montevideo Privada",18,1,0,0,"Bajo","Bajo",1,0,0,1,1,1
221,4.6,6.25,4,7,20,50,20,20,0.272727272727273,2013,"No corresponde","Montevideo Privada",20,0,0,0,"Alto","Alto",0,1,0,0,1,1
222,4.04545454545455,4.27272727272727,2,5.75,50,30,30,40,0.266666666666667,2012,"No corresponde","Interior Publica",18,1,0,0,"Alto","Bajo",0,0,0,0,0,0
223,7.47058823529412,7.42857142857143,6.5,9,90,20,30,50,0.352941176470588,2012,"No corresponde","Montevideo Privada",19,0,0,0,"Bajo","Medio",0,0,0,0,1,1
224,5.52,6.81818181818182,2.5,6.33333333333333,60,60,50,50,0.227272727272727,2012,"No corresponde","Montevideo Publica",18,0,0,0,"Bajo","Alto",0,0,0,0,1,0
225,2.83333333333333,2.4,2,4.5,20,10,0,30,0.166666666666667,2012,"No corresponde","Montevideo Privada",18,0,0,0,"Bajo","Bajo",0,0,0,1,1,1
226,5.57142857142857,6.5,3.33333333333333,6.25,90,70,60,30,0.291666666666667,2012,"No corresponde","Montevideo Privada",18,0,0,0,"Bajo","Medio",1,0,0,0,1,1
228,NA,NA,NA,NA,0,0,0,0,NA,2013,"Más de 40 horas","Montevideo Publica",26,1,0,1,"Medio","Alto",0,0,0,0,1,0
229,3.85714285714286,7,7,10,40,0,0,0,0.25,2012,"No corresponde","Montevideo Privada",18,0,0,0,"Medio","Medio",0,0,0,0,1,1
230,2.16666666666667,3.83333333333333,0,5.5,50,0,10,10,0.333333333333333,2012,"No corresponde","Montevideo Privada",18,0,0,0,"Bajo","Medio",0,0,0,0,1,1
231,3.19230769230769,3.07692307692308,2.75,5,50,40,40,30,0.533333333333333,2012,"No corresponde","Montevideo Privada",18,1,0,0,"Medio","Medio",0,0,0,0,1,1
232,3.9,5,3.2,0,20,0,30,0,0,2013,"No corresponde","Montevideo Publica",19,1,0,0,"Bajo","Bajo",0,0,0,0,1,0
235,NA,NA,NA,NA,0,0,0,0,NA,2013,"No corresponde","Montevideo Publica",19,0,0,0,"Alto","Alto",0,0,0,0,1,0
236,6.1,4.66666666666667,8,6.75,80,10,0,0,0.222222222222222,2012,"No corresponde","Montevideo Privada",18,0,0,0,"Medio","Medio",0,0,0,0,1,1
237,7.46153846153846,7.18181818181818,7,8.14285714285714,90,70,50,50,0.115384615384615,2012,"No corresponde","Montevideo Publica",18,1,0,0,"Alto","Alto",0,0,0,0,1,0
239,NA,NA,NA,NA,0,0,0,0,NA,2013,"No corresponde","Montevideo Publica",19,1,0,0,"Medio","Medio",0,0,0,1,1,0
240,5.83333333333333,4.66666666666667,7,6,40,10,30,30,0.363636363636364,2013,"No corresponde","Montevideo Publica",19,0,0,0,"Bajo","Alto",1,0,0,0,1,0
241,6.92307692307692,6.36363636363636,7.625,6,90,50,40,70,0.208333333333333,2012,"No corresponde","Montevideo Privada",18,1,0,0,"Medio","Medio",0,0,0,0,1,1
243,NA,NA,NA,NA,0,0,0,0,NA,2012,"No corresponde","Montevideo Privada",18,0,0,0,"Alto","Bajo",0,0,0,0,1,1
244,8.65625,9,8.18181818181818,8,90,90,90,40,0.176470588235294,2013,"No corresponde","Interior Publica",19,1,0,0,"Bajo","Bajo",1,0,0,0,0,0
245,3.5,6,0,0,20,0,0,0,0,2013,"No corresponde","Interior Publica",20,0,0,0,"Medio","Medio",1,0,0,1,0,0
246,5.29166666666667,6.1,3.85714285714286,5,60,40,60,40,0.3,2012,"No corresponde","Montevideo Privada",18,0,0,0,"Bajo","Bajo",0,0,0,0,1,1
247,6.17647058823529,6.17647058823529,6.57142857142857,6.42857142857143,70,80,90,80,0.1875,2012,"No corresponde","Montevideo Privada",18,1,0,0,"Alto","Bajo",0,0,0,0,1,1
248,6,6,0,6,20,0,0,0,0,2012,"No corresponde","Interior Publica",18,0,0,0,"Alto","Alto",0,0,0,1,0,0
249,4.35,6.5,3,4.75,70,50,20,10,0.2,2012,"No corresponde","Montevideo Publica",18,1,0,0,"Alto","Alto",0,1,0,0,1,0
250,6.96666666666667,7.23076923076923,3.8,7.75,80,50,30,70,0.260869565217391,2012,"Entre 10 y 20 horas","Interior Publica",18,1,0,1,"Bajo","Alto",0,0,0,0,0,0
252,6.6,5.9,6.25,8,40,60,30,60,0,2012,"No corresponde","Interior Publica",18,0,0,0,"Bajo","Medio",1,0,0,0,0,0
256,3.09090909090909,2.83333333333333,2.4,3.25,10,10,40,50,0.181818181818182,2012,"No corresponde","Montevideo Privada",18,0,0,0,"Bajo","Bajo",1,0,0,0,1,1
257,7.72413793103448,7.92307692307692,6.42857142857143,8.2,90,60,70,80,0.0357142857142857,2012,"No corresponde","Montevideo Privada",18,1,0,0,"Medio","Medio",0,0,0,0,1,1
258,0,0,0,0,0,0,0,0,NA,2013,"No corresponde","Montevideo Publica",18,1,0,0,"Bajo","Medio",1,0,0,1,1,0
259,7.77142857142857,7.64705882352941,6.75,8.4,90,90,80,90,0.0857142857142857,2012,"No corresponde","Montevideo Privada",17,1,0,0,"Medio","Medio",0,1,0,0,1,1
260,6.375,6,5.5,6.66666666666667,80,0,0,0,0.25,2012,"No corresponde","Montevideo Publica",18,0,0,0,"Bajo","Bajo",1,0,0,0,1,0
261,1.2,1.75,1.33333333333333,1,20,0,0,0,0.5,2012,"No corresponde","Interior Publica",18,1,0,0,"Bajo","Bajo",0,0,1,0,0,0
262,0,0,0,0,0,0,0,0,NA,2012,"No corresponde","Interior Publica",17,1,0,0,"Bajo","Bajo",1,0,0,1,0,0
263,1,2.33333333333333,0,0,10,0,0,0,0,2013,"No corresponde","Montevideo Publica",18,1,0,0,"Medio","Medio",0,0,1,0,1,0
265,6.66666666666667,7.27777777777778,5.4,6.5,80,70,90,90,0.125,2012,"Menos de 10 horas","Interior Publica",19,1,0,1,"Medio","Medio",1,0,0,0,0,0
266,6.09090909090909,7.33333333333333,2,8.33333333333333,10,20,50,10,0.111111111111111,2013,"Más de 40 horas","Interior Publica",20,1,0,1,"Alto","Medio",0,0,0,0,0,0
267,7.76086956521739,8.2,7,9,100,120,115,125,0.136363636363636,2012,"No corresponde","Montevideo Privada",18,0,0,0,"Medio","Medio",1,0,0,0,1,1
268,NA,NA,NA,NA,0,0,0,0,NA,2012,"No corresponde","Montevideo Publica",18,1,0,0,"Bajo","Bajo",1,0,0,1,1,0
269,8.58333333333333,8.18181818181818,8.6,9.4,80,70,70,20,0,2012,"No corresponde","Interior Publica",19,0,0,0,"Bajo","Bajo",0,0,0,0,0,0
272,3.61538461538462,4.375,1.55555555555556,6.5,40,60,60,0,0.375,2013,"No corresponde","Montevideo Privada",18,0,0,0,"Bajo","Bajo",0,0,0,0,1,1
273,6.79166666666667,7.72727272727273,4.2,6.8,80,50,50,50,0.0869565217391304,2013,"No corresponde","Interior Publica",20,0,0,0,"Bajo","Medio",0,0,0,0,0,0
274,1.5,4,0,8,10,10,0,0,0.5,2012,"Entre 20 y 30 horas","Interior Publica",25,0,0,1,"Bajo","Bajo",0,0,1,0,0,0
275,6.4,7,6,12,50,30,10,0,0.111111111111111,2012,"No corresponde","Montevideo Privada",18,1,0,0,"Medio","Bajo",1,0,0,0,1,1
280,7.48148148148148,7.5,7.42857142857143,7,90,50,60,70,0.111111111111111,2012,"Entre 10 y 20 horas","Montevideo Privada",18,1,0,1,"Bajo","Medio",1,0,0,0,1,1
282,6.92,7.45454545454545,5,7.4,70,60,60,60,0.166666666666667,2013,"No corresponde","Montevideo Privada",19,0,0,0,"Bajo","Alto",0,0,0,0,1,1
283,5.89473684210526,4.66666666666667,4.6,7.25,70,60,40,0,0.294117647058824,2013,"No corresponde","Montevideo Privada",18,1,0,0,"Medio","Medio",1,0,0,1,1,1
284,8.5,8.85714285714286,6.57142857142857,9.33333333333333,80,90,100,70,0.117647058823529,2013,"No corresponde","Montevideo Privada",18,1,0,0,"Alto","Medio",1,0,0,0,1,1
285,2.09090909090909,1,3,5.5,10,20,20,0,0.6,2013,"No corresponde","Interior Privada",19,1,0,0,NA,NA,0,1,0,0,0,1
288,2.66666666666667,2,0,8,30,10,0,0,0.25,2012,"No corresponde","Interior Publica",18,1,0,0,"Bajo","Medio",1,0,0,0,0,0
291,6.37037037037037,7.5,5,7.25,90,50,70,30,0.304347826086957,2012,"No corresponde","Interior Publica",18,1,0,0,"Bajo","Bajo",1,0,0,0,0,0
294,7.16666666666667,7.75,4.33333333333333,9,50,20,20,20,0.0909090909090909,2013,"No corresponde","Montevideo Privada",18,0,0,0,"Alto","Medio",0,0,0,0,1,1
296,8.81818181818182,8.26666666666667,9.44444444444444,8.4,90,80,90,80,0.0303030303030303,2012,"No corresponde","Montevideo Privada",18,1,0,0,"Bajo","Bajo",0,0,0,0,1,1
297,0.470588235294118,0,0,2,10,0,0,0,0,2012,"No corresponde","Interior Publica",18,1,0,0,"Bajo","Bajo",0,0,1,1,0,0
299,2.85185185185185,3.44444444444444,1.66666666666667,3.71428571428571,30,30,0,70,0.307692307692308,2012,"No corresponde","Montevideo Privada",17,0,0,0,"Medio","Medio",0,0,0,0,1,1
300,1.4,0,0,7,10,0,0,0,0,2013,"No corresponde","Interior Publica",18,1,0,0,"Bajo","Bajo",1,0,0,0,0,0
301,3.5,0,7,0,10,0,0,0,0,2013,"No corresponde","Montevideo Privada",19,1,0,0,"Medio","Bajo",1,0,0,0,1,1
303,5.30769230769231,3.16666666666667,5,8,60,30,10,0,0.2,2012,"No corresponde","Montevideo Privada",18,1,0,0,"Medio","Alto",1,0,0,1,1,1
304,4.27272727272727,4,6,4,50,30,0,0,0.375,2012,"No corresponde","Montevideo Privada",18,0,0,0,"Medio","Medio",0,0,0,0,1,1
305,5.31818181818182,6,4.33333333333333,6.75,50,50,60,10,0.352941176470588,2013,"Menos de 10 horas","Montevideo Publica",27,0,0,1,"Medio","Medio",1,1,0,0,1,0
307,1.15,2,0,2.125,30,10,0,0,0.5,2012,"No corresponde","Montevideo Privada",18,0,0,0,"Alto","Medio",0,0,0,1,1,1
309,NA,NA,NA,NA,0,0,0,0,NA,2012,"No corresponde","Montevideo Privada",18,0,0,0,"Bajo","Medio",1,0,0,0,1,1
310,10,10.5,8,9.5,90,90,50,30,0.0384615384615385,2013,"No corresponde","Montevideo Privada",18,1,0,0,"Alto","Alto",0,0,0,0,1,1
311,6.25,6.83333333333333,5.25,5.8,60,90,30,70,0.28,2013,"No corresponde","Montevideo Privada",18,1,0,0,"Alto","Medio",0,0,0,0,1,1
312,5,0,0,0,10,0,0,0,1,2012,"No corresponde","Montevideo Publica",18,1,0,0,"Bajo","Bajo",0,0,0,1,1,0
313,0,0,0,0,0,0,0,0,NA,2012,"No corresponde","Interior Publica",19,0,0,0,"Alto","Alto",0,0,0,0,0,0
314,NA,NA,NA,NA,0,0,0,0,NA,2012,"No corresponde","Interior Publica",18,1,0,0,"Bajo","Bajo",0,0,1,0,0,0
315,4.33333333333333,1.5,0,10,20,0,0,0,0.5,2013,"Entre 10 y 20 horas","Montevideo Publica",24,0,0,1,"Medio","Bajo",0,0,0,0,1,0
316,5.69565217391304,6.44444444444444,4.25,7,70,60,50,10,0.105263157894737,2012,"No corresponde","Interior Publica",18,0,0,0,"Bajo","Medio",1,1,0,1,0,0
318,4,3,5.5,4.5,20,50,30,10,0.363636363636364,2013,"No corresponde","Montevideo Privada",19,0,0,0,"Medio","Medio",1,0,0,0,1,1
320,6.89285714285714,7.3,4.77777777777778,8.6,90,60,50,60,0.12,2012,"No corresponde","Interior Publica",18,1,0,0,"Alto","Medio",0,0,0,0,0,0
321,6.38095238095238,7.25,4,6,80,65,30,0,0.166666666666667,2013,"No corresponde","Interior Publica",18,0,0,0,"Bajo","Medio",1,1,0,0,0,0
322,0,0,0,0,0,0,0,0,NA,2012,"No corresponde","Montevideo Publica",18,1,0,0,"Bajo","Bajo",0,0,0,0,1,0
324,4.70833333333333,4.75,4,7.5,50,55,45,20,0.277777777777778,2012,"Entre 30 y 40 horas","Interior Privada",18,0,0,1,"Bajo","Medio",0,1,0,0,0,1
325,6.06896551724138,6.33333333333333,4.85714285714286,6.33333333333333,70,100,60,40,0.269230769230769,2013,"No corresponde","Montevideo Privada",19,0,0,0,"Alto","Alto",1,0,0,1,1,1
326,3.57142857142857,1,0,6.66666666666667,30,20,20,15,0.555555555555556,2012,"No corresponde","Interior Publica",20,0,0,0,"Bajo","Bajo",1,0,0,0,0,0
327,6.25925925925926,6.4,6.57142857142857,5.5,80,50,70,60,0.16,2013,"No corresponde","Montevideo Privada",18,0,0,0,"Alto","Alto",1,0,0,0,1,1
330,4.76923076923077,6.5,1.75,6.5,20,30,20,30,0.111111111111111,2013,"Entre 30 y 40 horas","Montevideo Publica",19,1,0,1,"Bajo","Bajo",0,0,0,0,1,0
331,7.05263157894737,7.5,5.8,6.25,90,60,10,20,0.111111111111111,2012,"No corresponde","Interior Publica",18,1,0,0,"Alto","Bajo",1,1,0,0,0,0
332,8.3,8.6875,7,6.75,90,60,90,60,0.1,2013,"No corresponde","Interior Publica",18,1,0,0,"Bajo","Bajo",0,0,0,0,0,0
333,2.9375,3.83333333333333,1.2,4.85714285714286,60,40,30,50,0.375,2013,"No corresponde","Montevideo Privada",18,0,0,0,"Alto","Alto",0,0,0,0,1,1
334,NA,NA,NA,NA,0,0,0,0,NA,2013,"No corresponde","Interior Privada",19,0,0,0,"Medio","Alto",0,0,0,0,0,1
335,8.31578947368421,8.33333333333333,8.75,9.75,110,110,70,65,0.171428571428571,2013,"No corresponde","Interior Privada",18,1,0,0,"Alto","Alto",1,1,0,0,0,1
337,4.08333333333333,7.5,3.25,7,30,0,0,40,0.285714285714286,2013,"No corresponde","Montevideo Privada",18,0,0,0,"Alto","Alto",1,1,0,0,1,1
338,1.52173913043478,1,1.44444444444444,0,20,10,40,10,0.625,2012,"Menos de 10 horas","Interior Publica",19,0,0,1,"Bajo","Medio",1,1,0,0,0,0
339,7.30769230769231,7,7,7.8,90,40,0,0,0.153846153846154,2013,"No corresponde","Montevideo Privada",18,1,0,0,"Alto","Alto",0,1,1,0,1,1
340,5.96296296296296,5.92307692307692,5.33333333333333,6.4,80,60,60,50,0.16,2013,"No corresponde","Montevideo Privada",18,0,0,0,"Medio","Alto",0,0,0,0,1,1
342,4.21428571428571,4,5,7,40,20,20,10,0,2012,"No corresponde","Montevideo Privada",18,0,0,0,"Bajo","Medio",1,1,0,0,1,1
345,5.55882352941176,6.5,2.54545454545455,7.28571428571429,70,60,80,60,0.259259259259259,2013,"No corresponde","Montevideo Publica",18,0,0,0,"Bajo","Alto",0,0,0,0,1,0
346,7.28571428571429,8.06666666666667,5.88888888888889,8.6,110,70,90,80,0.117647058823529,2012,"No corresponde","Montevideo Privada",18,1,0,0,"Alto","Medio",0,1,0,0,1,1
347,2.94736842105263,6.5,2,7,30,40,10,30,0.7,2012,"No corresponde","Montevideo Privada",18,0,0,0,"Medio","Medio",1,0,0,0,1,1
348,NA,NA,NA,NA,0,0,0,0,NA,2012,"No corresponde","Montevideo Privada",18,0,0,0,"Medio","Medio",0,0,0,0,1,1
353,4.93333333333333,6.58333333333333,2.72727272727273,6,40,40,70,90,0.272727272727273,2013,"No corresponde","Montevideo Privada",18,1,0,0,"Alto","Alto",1,1,0,0,1,1
354,4.19230769230769,3.7,3.625,5.66666666666667,60,30,40,50,0.444444444444444,2013,"No corresponde","Montevideo Privada",18,1,0,0,"Medio","Medio",0,0,0,1,1,1
355,0.5,1.5,0,6,0,10,10,0,0.5,2012,"Menos de 10 horas","Montevideo Publica",23,0,0,1,"Alto","Alto",0,0,1,0,1,0
357,6.59259259259259,7.09090909090909,4.71428571428571,7,90,70,50,60,0.12,2012,"No corresponde","Interior Publica",18,1,0,0,"Bajo","Medio",1,0,0,0,0,0
358,NA,NA,NA,NA,0,0,0,0,NA,2013,"No corresponde","Interior Privada",18,0,0,0,"Alto","Medio",0,0,0,0,0,1
359,4.29411764705882,7,1.5,6,50,20,20,30,0.416666666666667,2013,"No corresponde","Interior Publica",18,0,0,0,"Medio","Medio",1,0,0,1,0,0
360,3.8,2.5,0,7,0,10,20,0,0.333333333333333,2012,"No corresponde","Montevideo Publica",19,0,0,0,"Bajo","Bajo",1,0,0,0,1,0
361,6.25925925925926,7,5.16666666666667,7.4,90,30,60,70,0.166666666666667,2013,"No corresponde","Montevideo Privada",18,0,0,0,"Alto","Alto",1,0,0,0,1,1
363,8.375,8.81818181818182,9,8,80,40,50,70,0.125,2012,"No corresponde","Montevideo Privada",18,0,0,0,"Bajo","Medio",1,1,0,0,1,1
364,NA,NA,NA,NA,0,0,0,0,NA,2013,"No corresponde","Interior Privada",23,0,0,0,"Medio","Medio",0,0,0,1,0,1
368,8.17857142857143,7.92857142857143,6,9.6,90,70,70,30,0.192307692307692,2013,"No corresponde","Montevideo Privada",18,1,0,0,"Alto","Alto",0,0,0,0,1,1
370,6.52631578947368,7.75,8,7,50,50,20,60,0.117647058823529,2012,"No corresponde","Montevideo Privada",18,0,0,0,"Medio","Medio",1,0,0,0,1,1
372,3.45454545454545,3.83333333333333,2.625,4.8,0,40,50,30,0.416666666666667,2012,"No corresponde","Montevideo Privada",22,0,0,0,"Alto","Bajo",0,0,0,1,1,1
373,6.46666666666667,7.15384615384615,3.71428571428571,8,80,70,70,40,0.259259259259259,2013,"No corresponde","Montevideo Publica",18,1,0,0,"Bajo","Bajo",0,1,1,1,1,0
374,0,0,0,0,0,0,0,0,NA,2012,"No corresponde","Montevideo Privada",18,1,0,0,"Bajo","Bajo",1,0,0,1,1,1
375,5.07142857142857,4,0,7,10,0,60,20,0.333333333333333,2013,"No corresponde","Interior Publica",18,0,0,0,"Bajo","Alto",0,1,0,0,0,0
378,0,0,0,0,0,0,0,0,NA,2013,"Menos de 10 horas","Interior Publica",21,0,0,1,NA,"Medio",1,0,0,0,0,0
380,6.61904761904762,6,5,8.4,90,30,30,20,0.1875,2013,"No corresponde","Montevideo Privada",18,1,0,0,"Alto","Bajo",1,0,0,0,1,1
381,5.71428571428571,7,0,8,30,30,0,0,0.166666666666667,2012,"No corresponde","Interior Publica",18,0,0,0,"Bajo","Bajo",1,1,1,0,0,0
383,5.10526315789474,8,2.875,7,80,60,0,0,0.357142857142857,2012,"No corresponde","Interior Publica",19,0,0,0,"Bajo","Bajo",0,0,0,1,0,0
384,3.5625,5.5,1.75,7.5,20,10,40,30,0.333333333333333,2012,"Menos de 10 horas","Montevideo Publica",18,0,0,1,"Alto","Bajo",1,0,0,0,1,0
385,3.42857142857143,6,1.66666666666667,0,10,10,20,0,0.5,2013,"No corresponde","Interior Publica",18,1,0,0,"Bajo","Bajo",1,0,0,0,0,0
386,6.23529411764706,4.5,6.2,8,70,50,10,20,0.266666666666667,2013,"No corresponde","Montevideo Privada",18,0,0,0,"Medio","Medio",0,0,0,0,1,1
388,8.23076923076923,8.5,7.75,8.14285714285714,90,60,60,50,0.0769230769230769,2012,"No corresponde","Interior Publica",18,0,0,0,"Bajo","Bajo",0,0,0,0,0,0
390,9.81818181818182,9.71428571428571,8.875,10.8333333333333,80,90,100,60,0.0303030303030303,2013,"No corresponde","Montevideo Privada",18,1,0,0,"Alto","Alto",1,0,0,0,1,1
391,8.21739130434783,8.11111111111111,6.25,9.14285714285714,90,70,40,30,0.260869565217391,2013,"No corresponde","Interior Publica",18,1,0,0,"Alto","Bajo",1,0,0,0,0,0
393,2,1.71428571428571,1,6.5,40,10,10,0,0.333333333333333,2013,"Entre 20 y 30 horas","Interior Publica",18,0,0,1,NA,"Bajo",1,0,0,0,0,0
396,3.75,3,0,6,30,0,0,0,0.333333333333333,2013,"No corresponde","Interior Privada",19,1,0,0,"Bajo","Bajo",0,0,0,1,0,1
402,8.10344827586207,8.28571428571429,7.71428571428571,8.5,90,70,70,60,0.0689655172413793,2012,"No corresponde","Montevideo Privada",18,1,0,0,"Medio","Alto",1,1,0,0,1,1
406,6.75,7.1875,5.625,6.5,90,80,70,80,0.129032258064516,2013,"No corresponde","Interior Publica",18,1,0,0,"Bajo","Bajo",0,0,0,0,0,0
407,7.66666666666667,7,6,0,0,0,0,55,0.166666666666667,2012,"Entre 20 y 30 horas","Montevideo Publica",17,1,0,1,"Bajo","Bajo",1,0,1,0,1,0
410,6.19354838709677,7.33333333333333,3,7.4,80,80,50,60,0.0740740740740741,2013,"No corresponde","Interior Publica",18,0,0,0,"Medio","Medio",0,1,0,0,0,0
411,6.81818181818182,7,7.5,7.6,0,40,40,20,0.3,2012,"No corresponde","Montevideo Privada",19,0,0,0,"Alto","Medio",0,0,0,0,1,1
413,4.31034482758621,4,3.44444444444444,6.25,60,50,80,40,0.363636363636364,2013,"No corresponde","Interior Publica",18,1,0,0,"Medio","Bajo",1,0,0,0,0,0
414,8.59375,8.94444444444444,7.875,8.25,80,80,70,90,0,2012,"No corresponde","Montevideo Privada",18,0,0,0,"Bajo","Medio",0,0,0,0,1,1
418,3.73913043478261,3,2.16666666666667,6.2,40,40,20,50,0.153846153846154,2013,"No corresponde","Montevideo Privada",18,0,0,0,"Bajo","Alto",0,0,0,0,1,1
420,4.11764705882353,3.8,2,7,50,40,20,0,0.0909090909090909,2013,"No corresponde","Montevideo Publica",18,1,0,0,"Bajo","Medio",0,0,0,1,1,0
422,4.8,5.27272727272727,4,4,70,40,20,80,0.4,2012,"No corresponde","Montevideo Privada",19,1,0,0,"Bajo","Bajo",0,0,0,0,1,1
423,2.54545454545455,1.5,3.33333333333333,7,10,30,0,10,0.4,2012,"Entre 20 y 30 horas","Montevideo Privada",20,0,0,1,"Bajo","Bajo",1,0,0,0,1,1
424,6,0,0,0,10,0,0,0,0,2012,"Entre 10 y 20 horas","Montevideo Publica",18,0,0,1,"Bajo","Bajo",0,0,0,0,1,0
425,1.5,3.33333333333333,0.857142857142857,0,10,10,20,20,0.666666666666667,2013,"Menos de 10 horas","Montevideo Publica",18,1,0,1,"Bajo","Alto",1,0,0,0,1,0
427,4.71428571428571,9,1.66666666666667,5.5,50,0,0,0,0.2,2013,"Entre 10 y 20 horas","Montevideo Publica",19,0,0,1,"Bajo","Medio",0,0,1,0,1,0
428,8,8,0,0,10,0,0,0,0,2013,"No corresponde","Montevideo Privada",18,0,0,0,"Alto","Alto",0,0,0,1,1,1
432,5.66666666666667,5.66666666666667,2,7.25,50,40,10,0,0.2,2013,"No corresponde","Montevideo Privada",18,0,0,0,"Alto","Alto",0,0,0,0,1,1
433,7.1304347826087,8.25,5.57142857142857,8,80,60,50,40,0.227272727272727,2013,"No corresponde","Montevideo Privada",18,1,0,0,"Medio","Medio",0,0,0,1,1,1
437,4.76470588235294,8.66666666666667,2.75,5.6,60,30,10,20,0.333333333333333,2013,"No corresponde","Interior Privada",17,0,0,0,"Medio","Medio",0,0,0,0,0,1
442,NA,NA,NA,NA,0,0,0,0,NA,2012,"No corresponde","Interior Publica",18,0,0,0,"Bajo","Bajo",0,0,0,1,0,0
447,7.71428571428571,7.625,6.25,9,80,100,90,80,0,2013,"No corresponde","Interior Publica",18,0,0,0,"Bajo","Alto",0,0,0,0,0,0
448,3.03125,3.25,2.28571428571429,4.2,40,40,40,50,0.470588235294118,2013,"No corresponde","Interior Publica",19,0,0,0,"Bajo","Alto",1,0,0,0,0,0
449,NA,NA,NA,NA,0,0,0,0,NA,2012,"Más de 40 horas","Montevideo Publica",18,1,0,1,"Medio","Alto",0,0,1,0,1,0
452,4.42857142857143,2,0,7,20,20,0,0,0.25,2012,"No corresponde","Interior Publica",18,1,0,0,"Bajo","Bajo",1,1,1,0,0,0
454,3,4,0,8,30,0,0,0,0.666666666666667,2012,"No corresponde","Interior Publica",20,0,0,0,"Bajo","Alto",0,1,0,0,0,0
456,8.23529411764706,7.85714285714286,9,8.66666666666667,80,60,30,0,0,2012,"No corresponde","Montevideo Privada",18,1,0,0,"Medio","Medio",1,0,0,0,1,1
457,7.5625,7.625,6,9.2,90,90,80,60,0.0967741935483871,2013,"No corresponde","Interior Privada",18,0,0,0,"Medio","Medio",1,0,0,0,0,1
460,5,4.11111111111111,4.42857142857143,7.25,60,20,50,60,0.388888888888889,2013,"No corresponde","Montevideo Publica",18,1,0,0,"Medio","Medio",0,0,0,1,1,0
468,4.9375,6.33333333333333,2.16666666666667,4.66666666666667,60,20,20,30,0.272727272727273,2013,"No corresponde","Montevideo Privada",18,1,0,0,"Bajo","Medio",1,1,0,1,1,1
471,7.65217391304348,7.625,7.2,7,90,50,30,50,0.0869565217391304,2013,"No corresponde","Montevideo Publica",18,1,0,0,"Bajo","Bajo",0,0,0,1,1,0
474,6.03571428571429,6.07142857142857,5.85714285714286,7.25,70,50,80,60,0.269230769230769,2012,"No corresponde","Interior Publica",18,0,0,0,"Bajo","Medio",0,1,0,0,0,0
475,6.5,6,0,0,20,0,0,0,0,2012,"No corresponde","Interior Publica",21,0,0,0,"Bajo","Medio",1,0,1,0,0,0
477,8.23076923076923,7.85714285714286,7.5,8.75,60,90,80,20,0.0384615384615385,2012,"No corresponde","Montevideo Privada",19,1,0,0,"Medio","Medio",0,0,0,0,1,1
478,6.28125,6.71428571428571,4.2,8,90,70,70,40,0.111111111111111,2012,"No corresponde","Montevideo Privada",18,1,0,0,"Medio","Alto",1,0,0,0,1,1
479,8,8,0,0,10,0,0,0,0,2013,"No corresponde","Montevideo Publica",18,1,0,0,"Alto","Medio",0,0,0,0,1,0
481,2.30769230769231,4.25,2.5,2,10,30,50,30,0.454545454545455,2013,"No corresponde","Montevideo Privada",18,0,0,0,"Alto","Alto",1,0,0,0,1,1
483,7.08,7.7,6.71428571428571,6.4,70,80,40,70,0.04,2013,"No corresponde","Montevideo Privada",18,0,0,0,"Alto","Alto",1,0,0,0,1,1
485,NA,NA,NA,NA,0,0,0,0,NA,2013,"Menos de 10 horas","Montevideo Publica",18,1,0,1,"Bajo","Bajo",1,0,0,0,1,0
490,6,6,0,0,10,0,0,0,0,2013,"No corresponde","Montevideo Privada",18,0,0,0,"Alto","Alto",0,0,0,0,1,1
495,2.31578947368421,3,7.33333333333333,6,30,20,10,0,0.142857142857143,2012,"No corresponde","Interior Publica",18,1,0,0,"Bajo","Bajo",1,1,1,1,0,0
497,7.21212121212121,7.6,5.25,8.5,90,70,70,80,0,2012,"No corresponde","Interior Publica",18,1,0,0,"Bajo","Bajo",0,1,0,0,0,0
498,1.52631578947368,0,0,7,30,10,10,0,0.4,2012,"No corresponde","Interior Publica",18,1,0,0,"Bajo","Bajo",1,0,0,0,0,0
499,6.81481481481481,6.5,6.5,8,90,70,40,60,0.16,2012,"No corresponde","Montevideo Privada",18,1,0,0,"Medio","Medio",1,0,0,0,1,1
514,4.5,4,5,0,40,0,0,0,0.5,2013,"No corresponde","Interior Publica",19,1,0,0,"Alto","Alto",0,0,0,1,0,0
516,0,0,0,0,0,0,0,0,NA,2013,"Más de 40 horas","Montevideo Publica",19,0,0,1,"Bajo","Bajo",0,0,0,0,1,0
518,6.71428571428571,7,5.375,6.71428571428571,90,80,80,80,0.212121212121212,2013,"No corresponde","Montevideo Privada",18,0,0,0,"Alto","Alto",1,0,0,0,1,1
520,NA,NA,NA,NA,0,0,0,0,NA,2012,"Entre 20 y 30 horas","Montevideo Publica",27,1,0,1,"Alto","Alto",0,0,0,0,1,0
522,0,0,0,0,0,0,0,0,NA,2012,"Más de 40 horas","Interior Publica",21,0,0,1,"Bajo","Bajo",1,0,0,0,0,0
529,3.5,3,0,7,0,20,0,30,0.6,2012,"No corresponde","Montevideo Privada",18,1,0,0,"Medio","Bajo",1,0,0,0,1,1
531,7.93103448275862,7.85714285714286,7.14285714285714,8,90,90,80,50,0.0689655172413793,2013,"No corresponde","Montevideo Privada",18,1,0,0,"Medio","Bajo",0,0,0,0,1,1
537,7.76190476190476,7.625,6.6,8,90,30,40,40,0.05,2012,"No corresponde","Interior Publica",18,1,0,0,"Bajo","Bajo",0,0,0,1,0,0
538,8.14705882352941,8.625,6.625,8.14285714285714,90,90,80,80,0.0294117647058824,2013,"No corresponde","Interior Publica",18,1,0,0,"Medio","Medio",0,0,0,0,0,0
539,NA,NA,NA,NA,0,0,0,0,NA,2013,"Más de 40 horas","Montevideo Publica",28,1,1,1,"Bajo","Bajo",0,0,0,0,1,0
542,5.66666666666667,6.6,4,6.8,70,60,60,50,0.217391304347826,2013,"No corresponde","Interior Publica",18,0,0,0,"Alto","Alto",0,0,0,0,0,0
544,4.86666666666667,4.18181818181818,2.55555555555556,7.33333333333333,70,40,60,60,0.363636363636364,2013,"No corresponde","Interior Privada",17,1,0,0,"Bajo","Bajo",1,0,0,0,0,1
550,7,7,5.6,7.375,70,60,100,0,0.0833333333333333,2013,"No corresponde","Montevideo Publica",18,1,0,0,"Alto","Alto",0,1,0,0,1,0
556,5,6,4,0,30,0,0,0,0,2012,"No corresponde","Interior Privada",18,1,0,0,"Medio","Bajo",1,0,0,0,0,1
560,1.33333333333333,4,0,0,10,0,0,0,1,2013,"No corresponde","Montevideo Publica",18,0,0,0,"Medio","Alto",0,0,0,0,1,0
562,3.88888888888889,6.33333333333333,3.75,5,80,20,20,0,0.416666666666667,2012,"No corresponde","Montevideo Privada",18,1,0,0,"Bajo","Medio",1,0,0,0,1,1
563,4,6,0,5,40,30,0,0,0.428571428571429,2012,"No corresponde","Interior Publica",18,1,0,0,"Bajo","Bajo",0,1,0,1,0,0
564,2.58333333333333,6,4.33333333333333,1.2,20,30,0,0,0,2012,"No corresponde","Interior Privada",18,0,0,0,"Bajo","Medio",0,1,0,0,0,1
566,8.06666666666667,8.41666666666667,7.28571428571429,7.8,70,80,80,70,0.0333333333333333,2013,"No corresponde","Interior Privada",18,1,0,0,"Alto","Alto",1,1,0,0,0,1
567,8.28571428571429,9,9.5,6.5,70,0,0,0,0,2012,"No corresponde","Interior Publica",18,0,0,0,"Medio","Alto",0,1,0,0,0,0
569,3.33333333333333,4,2,0,10,20,0,0,0,2012,"No corresponde","Interior Publica",18,0,0,0,"Bajo","Bajo",1,0,0,0,0,0
570,2.4,5,1.25,2,70,0,0,0,0.571428571428571,2012,"No corresponde","Interior Publica",18,1,0,0,"Alto","Bajo",0,0,0,0,0,0
573,8.84375,9.21428571428571,6.71428571428571,9.57142857142857,100,70,100,40,0.0967741935483871,2012,"No corresponde","Interior Publica",17,1,0,0,"Medio","Medio",1,0,0,0,0,0
574,4,3.2,3,4,40,10,30,0,0.625,2012,"Entre 30 y 40 horas","Interior Publica",20,1,0,1,"Alto","Bajo",1,1,1,0,0,0
577,6.2962962962963,7.33333333333333,3.25,7.71428571428571,80,70,40,40,0.166666666666667,2013,"No corresponde","Interior Publica",18,1,0,0,"Medio","Medio",0,0,0,0,0,0
579,6.40909090909091,7,5.85714285714286,5,30,50,70,30,0.0555555555555556,2013,"No corresponde","Montevideo Privada",18,0,0,0,"Medio","Alto",0,0,0,0,1,1
581,4.64285714285714,5.2,4,6.75,40,0,30,30,0.2,2012,"No corresponde","Interior Publica",19,0,0,0,"Medio","Medio",1,0,0,0,0,0
584,5.91666666666667,6.64705882352941,3.6,6,90,60,90,80,0.1,2013,"No corresponde","Montevideo Privada",18,0,0,0,"Medio","Medio",0,0,0,0,1,1
586,3.22222222222222,6,0,3.66666666666667,20,10,20,0,0.2,2012,"No corresponde","Montevideo Publica",18,1,0,0,"Medio","Alto",1,0,0,0,1,0
587,NA,NA,NA,NA,0,0,0,0,NA,2012,"Entre 20 y 30 horas","Montevideo Privada",20,0,0,1,"Medio","Bajo",0,0,0,0,1,1
588,NA,NA,NA,NA,0,0,0,0,NA,2012,"Entre 20 y 30 horas","Interior Publica",20,1,0,1,"Bajo","Bajo",0,0,0,0,0,0
590,0,0,0,0,0,0,0,0,NA,2012,"No corresponde","Interior Publica",18,1,0,0,"Bajo","Medio",0,0,0,0,0,0
591,7.12903225806452,7.91666666666667,4.125,8.5,80,90,80,50,0.137931034482759,2013,"No corresponde","Montevideo Privada",18,1,0,0,"Medio","Alto",0,0,0,0,1,1
599,5.58064516129032,5.5,4,7.4,90,60,60,50,0.28,2012,"No corresponde","Interior Publica",18,1,0,0,"Medio","Medio",0,1,0,0,0,0
603,5.64516129032258,5.71428571428571,3.25,8.75,80,70,70,40,0.16,2012,"No corresponde","Montevideo Privada",18,1,0,0,"Bajo","Medio",0,1,0,0,1,1
604,3.48148148148148,2.875,4,3,30,20,30,10,0.304347826086957,2013,"No corresponde","Montevideo Privada",18,0,0,0,"Medio","Medio",1,0,0,1,1,1
605,6.5,0,0,6,10,0,0,10,0,2012,"Entre 30 y 40 horas","Montevideo Publica",19,1,0,1,"Medio","Bajo",0,0,0,0,1,0
608,0,0,0,0,0,0,0,0,NA,2012,"Entre 20 y 30 horas","Montevideo Publica",21,0,0,1,"Bajo","Bajo",0,0,0,0,1,0
611,NA,NA,NA,NA,0,0,0,0,NA,2012,"No corresponde","Interior Publica",18,1,0,0,"Alto","Bajo",0,0,1,1,0,0
615,1.94736842105263,1.8,3,2.28571428571429,10,20,40,20,0.666666666666667,2013,"No corresponde","Interior Publica",18,0,0,0,"Medio","Medio",1,0,0,0,0,0
618,8.43243243243243,8.6875,7.8,9,90,80,110,70,0.189189189189189,2013,"No corresponde","Montevideo Publica",18,0,0,0,"Medio","Alto",0,0,0,0,1,0
620,8.44117647058824,8.85,6.85714285714286,8.5,90,80,100,70,0.0294117647058824,2013,"No corresponde","Montevideo Privada",17,0,0,0,"Alto","Alto",1,0,0,1,1,1
624,7.9,8,7.8,7.6,90,50,50,60,0.12,2012,"Entre 10 y 20 horas","Interior Publica",18,0,0,1,"Bajo","Alto",0,0,0,0,0,0
630,NA,NA,NA,NA,0,0,0,0,NA,2013,"No corresponde","Montevideo Publica",18,0,0,0,"Medio","Bajo",0,0,1,0,1,0
644,4.75,5.44444444444444,1.57142857142857,8.25,40,70,60,10,0.176470588235294,2012,"No corresponde","Montevideo Publica",17,1,0,0,"Alto","Medio",0,0,0,0,1,0
645,5.05263157894737,8,4.83333333333333,7.5,60,40,30,20,0.285714285714286,2013,"No corresponde","Montevideo Privada",18,0,0,0,"Medio","Alto",1,0,0,0,1,1
646,1.8,6,0,0,20,0,0,0,1,2013,"No corresponde","Interior Privada",17,1,0,0,"Medio","Bajo",1,0,0,0,0,1
650,8.26470588235294,8,8.125,9,90,70,90,90,0.0588235294117647,2012,"No corresponde","Montevideo Privada",17,1,0,0,"Medio","Medio",0,0,0,1,1,1
653,4.88,5.7,4.5,3.75,70,50,30,50,0.105263157894737,2012,"No corresponde","Montevideo Privada",18,1,0,0,"Medio","Bajo",1,0,0,0,1,1
654,NA,NA,NA,NA,0,0,0,0,NA,2012,"Entre 30 y 40 horas","Interior Privada",20,0,0,1,"Medio","Medio",0,0,0,0,0,1
655,1.5,6,0,0,10,0,0,0,0,2013,"No corresponde","Interior Privada",19,0,0,0,"Alto","Medio",1,0,0,0,0,1
656,6.08,6.07692307692308,5,6.75,90,50,30,50,0.0909090909090909,2012,"No corresponde","Montevideo Privada",18,1,0,0,"Bajo","Medio",0,0,0,0,1,1
658,NA,NA,NA,NA,0,0,0,0,NA,2013,"No corresponde","Montevideo Privada",18,1,0,0,"Alto","Alto",0,0,0,0,1,1
659,NA,NA,NA,NA,0,0,0,0,NA,2012,"Entre 30 y 40 horas","Montevideo Privada",22,0,0,1,"Medio","Bajo",1,0,0,0,1,1
661,0,0,0,0,0,0,0,0,NA,2013,"No corresponde","Interior Privada",18,1,0,0,"Alto","Medio",1,0,1,0,0,1
666,2.42105263157895,2.5,1.2,4.5,50,10,0,20,0.625,2013,"No corresponde","Montevideo Privada",18,0,0,0,"Alto","Medio",0,0,0,0,1,1
667,5.27272727272727,3,6,8,0,25,20,35,0.125,2013,"Entre 10 y 20 horas","Montevideo Publica",19,0,0,1,NA,"Bajo",1,0,1,0,1,0
668,7.76470588235294,8,7,7.5,80,50,20,30,0.0588235294117647,2012,"No corresponde","Montevideo Privada",18,0,0,0,"Alto","Medio",1,0,0,0,1,1
669,5.51351351351351,6,8,7.4,90,100,45,55,0.482758620689655,2012,"No corresponde","Montevideo Privada",18,0,0,0,"Bajo","Medio",1,0,0,0,1,1
672,NA,NA,NA,NA,0,0,0,0,NA,2013,"No corresponde","Montevideo Publica",22,1,0,0,"Medio","Alto",0,0,0,1,1,0
675,5.61538461538461,6.75,3.8,4.83333333333333,60,70,70,20,0.181818181818182,2012,"No corresponde","Interior Publica",17,1,0,0,"Bajo","Bajo",1,1,0,1,0,0
676,7.03846153846154,7.7,5.85714285714286,8.16666666666667,80,70,50,70,0.192307692307692,2012,"No corresponde","Montevideo Privada",18,1,0,0,"Medio","Medio",0,1,0,0,1,1
678,7.5,7.76923076923077,6,7.75,90,70,80,90,0.0606060606060606,2013,"No corresponde","Montevideo Privada",18,0,0,0,"Alto","Alto",1,0,0,0,1,1
681,1.5,3,0,6,20,0,0,0,0,2013,"No corresponde","Interior Publica",18,1,0,0,"Alto","Alto",1,0,1,0,0,0
687,2.2,2.4,0,10,20,0,0,10,0.333333333333333,2013,"No corresponde","Montevideo Privada",18,0,0,0,"Medio","Medio",0,0,0,0,1,1
689,7.44444444444444,10,3.66666666666667,8,40,30,0,10,0.375,2013,"No corresponde","Interior Publica",19,1,0,0,"Medio","Medio",1,0,0,0,0,0
694,7.17857142857143,7.25,6.5,8.4,80,60,50,80,0.185185185185185,2012,"No corresponde","Montevideo Privada",18,1,0,0,"Alto","Bajo",0,1,0,0,1,1
695,7.52631578947368,8,6.8,7,90,30,40,30,0.157894736842105,2012,"No corresponde","Interior Publica",18,1,0,0,"Bajo","Bajo",0,1,0,0,0,0
699,6,6,0,0,0,0,20,0,0,2012,"Más de 40 horas","Montevideo Publica",22,1,0,1,"Bajo","Bajo",1,0,1,0,1,0
702,5.08695652173913,5.75,3.6,7,70,40,20,50,0.277777777777778,2012,"No corresponde","Montevideo Privada",18,0,0,0,"Medio","Alto",1,1,0,0,1,1
707,6.51724137931035,7.83333333333333,3.125,7,80,50,60,60,0.12,2013,"No corresponde","Interior Publica",18,1,0,0,"Bajo","Bajo",0,1,0,0,0,0
708,0,0,0,0,0,0,0,0,NA,2012,"No corresponde","Montevideo Publica",18,0,0,0,"Medio","Bajo",0,0,0,1,1,0
714,0,0,0,0,0,0,0,0,NA,2012,"No corresponde","Interior Publica",19,0,0,0,"Medio","Medio",0,0,0,1,0,0
718,1.42857142857143,6,0,0,30,10,0,0,0.5,2012,"No corresponde","Montevideo Privada",18,0,0,0,"Bajo","Bajo",1,0,0,0,1,1
723,NA,NA,NA,NA,0,0,0,0,NA,2013,"No corresponde","Montevideo Publica",18,1,0,0,NA,"Bajo",0,0,0,1,1,0
728,4.9,5.26666666666667,2.14285714285714,5.8,60,60,60,40,0.136363636363636,2013,"No corresponde","Interior Publica",18,1,0,0,"Medio","Alto",0,0,0,1,0,0
730,4.83333333333333,6.9,1.8,7.5,60,40,70,10,0.222222222222222,2013,"No corresponde","Montevideo Publica",18,0,0,0,"Medio","Alto",0,0,0,1,1,0
731,NA,NA,NA,NA,0,0,0,0,NA,2013,"Más de 40 horas","Interior Publica",20,0,0,1,"Medio","Alto",0,0,1,0,0,0
732,4.7,3.5,4.5,0,30,10,40,0,0.5,2013,"No corresponde","Interior Publica",18,1,0,0,"Bajo","Medio",1,0,0,0,0,0
736,0,0,0,0,0,0,0,0,NA,2012,"No corresponde","Interior Publica",22,1,0,0,"Alto","Bajo",1,0,0,1,0,0
738,7.14814814814815,7.75,3.8,8,80,70,40,70,0.153846153846154,2012,"No corresponde","Interior Publica",19,1,0,0,"Alto","Bajo",0,1,0,0,0,0
739,6.4375,6.53846153846154,6.14285714285714,5.75,80,90,80,70,0.125,2013,"No corresponde","Interior Publica",18,0,0,0,"Alto","Alto",1,0,0,1,0,0
743,4.66666666666667,3.8,4.4,5,50,30,20,30,0.307692307692308,2012,"No corresponde","Montevideo Privada",18,0,0,0,"Medio","Medio",0,0,0,0,1,1
749,6,6,0,0,20,0,0,0,0,2012,"No corresponde","Montevideo Privada",18,1,0,0,"Alto","Alto",0,0,0,0,1,1
752,4.73333333333333,4.73333333333333,5,3,30,60,60,80,0.227272727272727,2013,"Menos de 10 horas","Montevideo Privada",18,0,0,1,"Alto","Alto",1,0,0,0,1,1
756,9,8.93333333333333,8.66666666666667,9,90,90,50,70,0.032258064516129,2013,"Menos de 10 horas","Montevideo Privada",19,1,0,1,"Alto","Alto",0,0,0,0,1,1
763,8,8,8,0,30,0,0,0,0,2013,"No corresponde","Interior Publica",20,0,0,0,"Medio","Medio",0,0,0,0,0,0
767,6.78571428571429,7.33333333333333,6,6.25,60,50,30,0,0.0714285714285714,2013,"No corresponde","Montevideo Publica",20,0,0,0,"Alto","Alto",0,0,0,1,1,0
768,5.1875,4.33333333333333,4.33333333333333,6.5,80,10,30,0,0.25,2012,"No corresponde","Interior Publica",18,1,0,0,"Alto","Alto",1,0,0,0,0,0
769,5.22222222222222,7,2.875,6,70,70,70,0,0.318181818181818,2013,"No corresponde","Montevideo Publica",18,0,0,0,"Alto","Alto",0,0,0,1,1,0
772,5.61290322580645,6.15384615384615,3.25,6.4,70,80,60,40,0.296296296296296,2013,"No corresponde","Montevideo Privada",18,1,0,0,"Bajo","Bajo",0,1,0,0,1,1
773,9.5,9.38461538461539,10,8.66666666666667,70,90,40,60,0.0357142857142857,2012,"Menos de 10 horas","Montevideo Publica",18,0,0,1,"Medio","Medio",0,0,0,0,1,0
785,7.75,7.6,7.5,7.6,90,70,90,70,0,2013,"No corresponde","Interior Publica",18,0,0,0,"Bajo","Medio",1,0,0,0,0,0
786,7.81578947368421,7.8,7.4,8,90,90,100,60,0.102564102564103,2012,"No corresponde","Interior Publica",18,0,0,0,"Bajo","Bajo",0,0,0,0,0,0
789,NA,NA,NA,NA,0,0,0,0,NA,2012,"Más de 40 horas","Montevideo Publica",20,0,0,1,"Bajo","Alto",1,0,1,0,1,0
791,7.17241379310345,7.33333333333333,6.33333333333333,6.75,90,60,80,80,0.142857142857143,2013,"No corresponde","Montevideo Privada",18,0,0,0,"Medio","Alto",0,0,0,0,1,1
795,7.04761904761905,7.42857142857143,5.2,8,70,80,30,30,0.25,2013,"No corresponde","Montevideo Publica",19,0,0,0,"Bajo","Alto",0,1,0,0,1,0
796,1.68421052631579,4,1,0,10,10,30,0,0,2013,"No corresponde","Montevideo Privada",19,0,0,0,"Alto","Bajo",1,0,0,1,1,1
797,2.5625,0.8,3.25,7,10,30,20,10,0.285714285714286,2013,"Entre 20 y 30 horas","Montevideo Publica",22,1,0,1,"Medio","Alto",1,0,0,0,1,0
802,1.92857142857143,2,0,0,10,30,0,10,0.2,2012,"No corresponde","Interior Publica",19,0,0,0,"Bajo","Medio",1,0,0,0,0,0
803,2.33333333333333,2.33333333333333,0,0,40,0,0,0,0,2013,"No corresponde","Montevideo Publica",18,1,0,0,"Bajo","Bajo",1,0,0,0,1,0
815,4.33333333333333,3,0,7,20,0,0,0,0,2013,"No corresponde","Montevideo Publica",18,1,0,0,"Bajo","Medio",0,0,0,0,1,0
816,8.4375,7.8,9.4,8,80,10,70,0,0.1875,2012,"No corresponde","Montevideo Privada",18,0,0,0,"Bajo","Medio",1,0,0,0,1,1
817,5.3,7.33333333333333,3,6.33333333333333,30,30,20,0,0.125,2012,"No corresponde","Interior Publica",18,1,0,0,"Bajo","Bajo",0,0,0,1,0,0
819,5.23333333333333,5.75,3,7.66666666666667,70,60,60,50,0.333333333333333,2012,"No corresponde","Interior Publica",18,0,0,0,"Bajo","Bajo",0,0,0,0,0,0
826,3.15,4.2,3,3.6,40,30,20,30,0.454545454545455,2013,"No corresponde","Montevideo Privada",18,1,0,0,"Alto","Alto",0,0,0,0,1,1
834,0.714285714285714,0,0,0,0,10,0,10,1,2012,"No corresponde","Montevideo Privada",18,0,0,0,"Bajo","Bajo",1,0,0,1,1,1
840,2.88888888888889,2,2.5,7,50,40,30,20,0.428571428571429,2012,"Entre 20 y 30 horas","Montevideo Privada",20,0,0,1,"Bajo","Bajo",0,0,0,0,1,1
850,5.46666666666667,7.2,2.6,6.25,70,10,30,10,0.0833333333333333,2012,"Entre 30 y 40 horas","Montevideo Publica",18,0,0,1,"Bajo","Bajo",0,0,0,0,1,0
851,1.5,2.4,1.2,0,10,10,10,0,0,2012,"No corresponde","Montevideo Privada",18,0,0,0,"Alto","Medio",1,0,0,0,1,1
852,4.33333333333333,7.75,1.85714285714286,6.5,30,10,50,10,0.111111111111111,2013,"No corresponde","Montevideo Privada",18,0,0,0,"Bajo","Bajo",0,0,0,1,1,1
860,4.92307692307692,5.5,3.16666666666667,5,40,70,40,50,0.2,2013,"No corresponde","Montevideo Publica",20,0,0,0,"Medio","Medio",0,0,0,0,1,0
861,4.67741935483871,4.90909090909091,3.5,5,60,60,40,60,0.181818181818182,2012,"No corresponde","Interior Publica",18,0,0,0,"Medio","Medio",0,0,0,0,0,0
872,7.5,0,0,0,20,0,0,0,0,2012,"No corresponde","Montevideo Publica",19,0,0,0,"Bajo","Bajo",1,1,0,1,1,0
874,5,3.8,6,7,30,40,0,0,0.428571428571429,2013,"No corresponde","Interior Publica",18,1,0,0,"Medio","Alto",0,0,0,0,0,0
878,7.96551724137931,8.46153846153846,5.66666666666667,8.85714285714286,90,80,50,80,0.103448275862069,2013,"No corresponde","Montevideo Publica",19,0,0,0,"Bajo","Alto",0,0,0,0,1,0
879,NA,NA,NA,NA,0,0,0,0,NA,2013,"No corresponde","Montevideo Privada",19,0,0,0,"Medio","Alto",0,0,0,1,1,1
884,0,0,0,0,0,0,0,0,NA,2013,"No corresponde","Montevideo Publica",20,0,0,0,"Medio","Medio",0,0,0,1,1,0
894,2.63636363636364,3.25,2,7.5,10,10,10,70,0.333333333333333,2012,"No corresponde","Montevideo Privada",18,0,0,0,"Bajo","Bajo",0,0,0,1,1,1
902,4.84210526315789,4.5,3.16666666666667,7,30,20,60,30,0.357142857142857,2013,"No corresponde","Interior Privada",18,1,0,0,"Medio","Alto",0,0,0,0,0,1
912,2.5,0,0,0,10,0,0,0,1,2012,"No corresponde","Montevideo Publica",21,0,0,0,"Bajo","Alto",1,0,0,1,1,0
916,5.125,5.5,3,6.5,70,0,0,0,0.428571428571429,2013,"No corresponde","Montevideo Privada",18,0,0,0,"Alto","Alto",0,0,0,0,1,1
918,1,0,0,0,10,0,0,0,0,2012,"No corresponde","Montevideo Privada",20,0,0,0,NA,"Alto",0,0,0,1,1,1
920,3.9047619047619,3.83333333333333,2.85714285714286,5.75,40,60,50,0,0.466666666666667,2013,"No corresponde","Montevideo Privada",18,1,0,0,"Medio","Bajo",1,0,0,1,1,1
930,8.04545454545454,9.875,5.57142857142857,8.66666666666667,90,60,40,30,0.238095238095238,2012,"No corresponde","Montevideo Privada",18,0,0,0,"Bajo","Alto",0,0,0,0,1,1
934,6,6,6,0,20,0,0,0,0,2012,"Menos de 10 horas","Montevideo Privada",21,0,0,1,"Medio","Bajo",0,0,0,0,1,1
936,5.08695652173913,6.16666666666667,2.14285714285714,6.75,40,50,20,50,0.266666666666667,2013,"No corresponde","Interior Publica",18,1,0,0,"Bajo","Alto",1,1,0,0,0,0
937,7.72727272727273,8.07142857142857,6.375,8.5,80,80,80,90,0.03125,2013,"No corresponde","Montevideo Privada",18,0,0,0,"Alto","Alto",0,0,0,0,1,1
943,7.71428571428571,8.66666666666667,7,7,40,0,0,30,0,2012,"No corresponde","Montevideo Privada",18,1,0,0,"Bajo","Bajo",0,0,0,0,1,1
946,8.57575757575758,9.16666666666667,7.25,8.5,90,60,90,90,0.0625,2013,"No corresponde","Montevideo Privada",19,0,0,0,NA,NA,0,0,0,0,1,1
950,2.66666666666667,6,1.5,0,0,10,10,10,0.333333333333333,2012,"No corresponde","Montevideo Privada",18,0,0,0,NA,"Medio",0,0,0,0,1,1
952,6.75,7,0,0,30,10,0,0,0,2012,"Menos de 10 horas","Interior Publica",18,0,0,1,"Bajo","Bajo",1,1,1,0,0,0
953,NA,NA,NA,NA,0,0,0,0,NA,2013,"No corresponde","Montevideo Privada",18,0,0,0,"Bajo","Medio",0,0,0,0,1,1
955,4.66666666666667,5,3,6.16666666666667,10,30,70,40,0.333333333333333,2012,"No corresponde","Montevideo Privada",18,0,0,0,"Alto","Medio",0,0,0,0,1,1
959,6.60869565217391,6.55555555555556,7,6.6,60,40,50,90,0.272727272727273,2012,"No corresponde","Montevideo Privada",19,0,0,0,NA,"Bajo",1,1,0,0,1,1
963,6.26829268292683,7.16666666666667,8,7.4,90,80,115,80,0.27027027027027,2012,"No corresponde","Montevideo Privada",19,0,0,0,"Bajo","Medio",1,0,0,0,1,1
973,2.33333333333333,0,0,0,0,0,0,10,0,2013,"No corresponde","Interior Publica",19,1,0,0,"Bajo","Bajo",1,0,1,0,0,0
981,NA,NA,NA,NA,0,0,0,0,NA,2013,"No corresponde","Interior Privada",18,0,0,0,"Medio","Medio",0,0,0,0,0,1
983,6.67567567567568,9.66666666666667,6.75,8.66666666666667,90,60,70,95,0.3,2013,"No corresponde","Montevideo Privada",19,0,0,0,"Bajo","Medio",1,0,0,1,1,1
992,3.94444444444444,3.25,1.8,5.8,20,60,40,10,0.384615384615385,2013,"Más de 40 horas","Montevideo Publica",18,0,0,1,"Bajo","Bajo",1,0,0,0,1,0
994,4.51851851851852,5,1.85714285714286,5.4,90,50,20,30,0.263157894736842,2012,"No corresponde","Montevideo Privada",20,1,0,0,"Medio","Alto",0,0,0,0,1,1
997,3.77777777777778,3.75,2.25,5.25,30,40,30,10,0.181818181818182,2013,"No corresponde","Interior Publica",18,0,0,0,"Bajo","Bajo",1,0,0,0,0,0
1004,6.4,5.77777777777778,6.57142857142857,6.8,70,70,60,60,0.32,2012,"No corresponde","Interior Publica",18,1,0,0,"Bajo","Alto",0,0,0,0,0,0
1006,9.33333333333333,9.36842105263158,8.88888888888889,9.5,90,80,90,100,0.0277777777777778,2012,"No corresponde","Montevideo Privada",18,1,0,0,"Medio","Medio",0,0,0,0,1,1
1019,2.625,4,0,0,30,0,0,0,0.333333333333333,2013,"Entre 20 y 30 horas","Interior Publica",18,0,0,1,"Bajo","Medio",0,0,0,0,0,0
1020,7.96551724137931,7.90909090909091,5.83333333333333,9.33333333333333,90,60,70,60,0.107142857142857,2012,"Entre 10 y 20 horas","Montevideo Privada",18,0,0,1,"Bajo","Bajo",0,0,0,0,1,1
1022,5.92857142857143,6.57142857142857,2.6,6.5,50,90,40,70,0.166666666666667,2013,"No corresponde","Interior Publica",18,1,0,0,"Bajo","Bajo",0,0,0,0,0,0
1026,NA,NA,NA,NA,0,0,0,0,NA,2013,"Más de 40 horas","Interior Publica",22,0,0,1,"Bajo","Medio",0,0,0,0,0,0
1032,NA,NA,NA,NA,0,0,0,0,NA,2012,"No corresponde","Interior Publica",24,0,0,0,"Bajo","Alto",0,0,0,1,0,0
1041,0.769230769230769,3,0,1.25,30,0,0,0,0.666666666666667,2012,"No corresponde","Interior Publica",18,0,0,0,"Medio","Bajo",0,0,0,0,0,0
1042,4.7037037037037,7.57142857142857,3.88888888888889,2.125,50,40,60,70,0.210526315789474,2013,"No corresponde","Interior Publica",18,0,0,0,"Bajo","Alto",0,0,0,0,0,0
1046,5.19047619047619,6.16666666666667,3.375,6,60,30,40,30,0.0625,2013,"Entre 10 y 20 horas","Montevideo Publica",18,1,0,1,"Medio","Medio",1,0,0,0,1,0
1047,2.16666666666667,0,4.33333333333333,3.5,30,30,0,0,0.333333333333333,2013,"No corresponde","Interior Publica",20,1,0,0,"Alto","Bajo",1,0,0,1,0,0
1048,8.38461538461539,8.25,8,8.5,90,70,50,60,0.0384615384615385,2012,"No corresponde","Montevideo Publica",18,1,0,0,"Bajo","Medio",0,0,0,0,1,0
1052,4.67647058823529,4.70588235294118,3,4.83333333333333,80,40,50,70,0.458333333333333,2012,"No corresponde","Montevideo Privada",18,1,0,0,"Medio","Medio",0,0,0,0,1,1
1053,6.5,4,0,9,0,0,20,0,0.5,2012,"No corresponde","Montevideo Publica",20,0,0,0,"Bajo","Alto",0,0,0,1,1,0
1054,3.4,3.54545454545455,2.25,3.14285714285714,60,50,60,20,0.473684210526316,2013,"No corresponde","Montevideo Privada",18,1,0,0,"Alto","Alto",1,0,0,0,1,1
1057,NA,NA,NA,NA,0,0,0,0,NA,2013,"No corresponde","Montevideo Privada",18,0,0,0,"Medio","Alto",0,0,0,1,1,1
1064,8.51724137931035,8.4,8,8.8,90,90,20,80,0.04,2012,"No corresponde","Montevideo Privada",18,0,0,0,"Bajo","Medio",0,0,0,0,1,1
1069,9.31034482758621,9.64285714285714,8.25,11,60,70,80,70,0.148148148148148,2013,"Más de 40 horas","Montevideo Publica",24,0,0,1,"Bajo","Bajo",1,0,0,0,1,0
1073,3.5,7,0,0,10,0,0,0,0,2013,"No corresponde","Interior Publica",19,1,0,0,"Medio","Alto",0,0,0,1,0,0
1078,1.73333333333333,1.5,0,0,20,20,10,0,0.4,2012,"No corresponde","Montevideo Publica",18,1,0,0,"Bajo","Medio",1,1,0,0,1,0
1080,5,6,0,11,30,0,0,0,0,2012,"No corresponde","Montevideo Publica",18,1,0,0,"Bajo","Bajo",1,0,0,0,1,0
1083,9.82857142857143,9.88235294117647,9.33333333333333,10.6,90,90,70,100,0.0857142857142857,2012,"No corresponde","Montevideo Publica",18,1,0,0,"Bajo","Bajo",0,0,0,0,1,0
1086,0.9,0.625,0,0,20,10,0,0,1,2012,"No corresponde","Interior Publica",18,1,0,0,"Bajo","Medio",0,0,0,0,0,0
1089,0,0,0,0,0,0,0,0,NA,2012,"No corresponde","Montevideo Privada",18,0,0,0,"Bajo","Bajo",1,0,0,0,1,1
1093,4.51724137931035,4.72727272727273,2.83333333333333,6,40,70,40,60,0.19047619047619,2013,"No corresponde","Interior Privada",20,0,0,0,"Medio","Alto",1,0,1,1,0,1
1095,0.631578947368421,2.5,0,0,20,0,0,0,0.5,2013,"No corresponde","Interior Publica",18,1,0,0,"Alto","Alto",1,0,0,1,0,0
1098,7.33333333333333,7.5,6.57142857142857,8.8,90,80,70,50,0.0714285714285714,2013,"No corresponde","Interior Publica",18,0,0,0,"Bajo","Alto",0,0,0,0,0,0
1102,6.6875,6.76470588235294,5.33333333333333,7.4,90,80,70,80,0.125,2012,"No corresponde","Interior Publica",18,1,0,0,"Medio","Medio",0,0,0,0,0,0
1104,5.46875,5.8,4.375,4.25,90,60,40,90,0.407407407407407,2012,"No corresponde","Montevideo Privada",18,1,0,0,"Bajo","Medio",0,1,0,0,1,1
1106,7.30434782608696,6.8,6.2,9,90,50,50,30,0.19047619047619,2013,"No corresponde","Montevideo Privada",18,0,0,0,"Alto","Alto",1,0,0,0,1,1
1107,NA,NA,NA,NA,0,0,0,0,NA,2012,"No corresponde","Interior Publica",19,1,0,0,"Bajo","Bajo",1,0,0,0,0,0
1108,5.64705882352941,4.75,3.25,7.8,40,60,30,0,0.230769230769231,2012,"No corresponde","Montevideo Privada",18,0,0,0,"Bajo","Bajo",0,1,0,0,1,1
1109,3.72222222222222,4.5,2.33333333333333,0,20,40,20,25,0.363636363636364,2013,"No corresponde","Montevideo Publica",20,0,0,0,"Medio","Medio",1,0,1,0,1,0
1112,3.82352941176471,3.2,0,5.66666666666667,40,10,20,30,0.2,2012,"No corresponde","Interior Publica",18,1,0,0,"Bajo","Bajo",0,0,0,1,0,0
1116,0,0,0,0,0,0,0,0,NA,2012,"No corresponde","Interior Publica",20,0,0,0,"Bajo","Bajo",0,0,0,0,0,0
1120,6,5,4.66666666666667,7.5,20,50,50,20,0.0769230769230769,2013,"No corresponde","Interior Publica",17,1,0,0,"Bajo","Medio",0,1,0,0,0,0
1127,7.56756756756757,7.66666666666667,7.1,8,90,100,100,60,0.114285714285714,2013,"No corresponde","Montevideo Privada",19,1,0,0,"Alto","Alto",1,0,0,0,1,1
1128,6.8,7.66666666666667,7.5,6.75,80,20,0,0,0.4,2012,"No corresponde","Montevideo Privada",18,0,0,0,"Medio","Alto",0,0,0,0,1,1
1130,2.30769230769231,1.75,3.25,0,50,0,0,0,0.2,2012,"No corresponde","Montevideo Privada",18,0,0,0,"Medio","Medio",0,0,0,0,1,1
1131,4.75,4.8,3,6,30,80,20,20,0.2,2013,"No corresponde","Montevideo Privada",18,1,0,0,"Medio","Medio",1,1,0,0,1,1
1134,NA,NA,NA,NA,0,0,0,0,NA,2013,"Menos de 10 horas","Interior Publica",19,0,0,1,"Medio","Alto",0,0,0,0,0,0
1138,4.39130434782609,6.75,2.14285714285714,4,50,0,50,60,0.125,2012,"No corresponde","Montevideo Privada",18,0,0,0,"Medio","Medio",0,0,0,0,1,1
1145,6.16129032258065,6.5,5.625,6.75,90,90,60,70,0.266666666666667,2012,"No corresponde","Montevideo Privada",18,1,0,0,"Medio","Medio",0,0,0,0,1,1
1147,8.51724137931035,8.53333333333333,8.85714285714286,8,90,80,80,40,0.0689655172413793,2012,"No corresponde","Montevideo Privada",18,1,0,0,"Bajo","Bajo",0,0,0,0,1,1
1151,NA,NA,NA,NA,0,0,0,0,NA,2012,"Entre 30 y 40 horas","Montevideo Publica",18,1,0,1,"Medio","Bajo",0,0,0,0,1,0
1154,3.71428571428571,4.16666666666667,1.8,6,30,30,20,20,0.3,2012,"No corresponde","Interior Publica",18,0,0,0,"Medio","Medio",0,0,0,0,0,0
1163,2.3125,3.66666666666667,1.2,9,40,20,0,0,0.5,2012,"No corresponde","Interior Publica",18,1,0,0,"Bajo","Bajo",1,0,0,1,0,0
1165,4.25,3.25,0,7.5,30,0,10,10,0,2013,"No corresponde","Montevideo Publica",20,0,0,0,"Medio","Alto",0,0,0,1,1,0
1166,2.4,0,3,6,20,0,0,0,0,2013,"No corresponde","Interior Publica",18,1,0,0,"Bajo","Bajo",1,0,0,0,0,0
1175,NA,NA,NA,NA,0,0,0,0,NA,2012,"Menos de 10 horas","Montevideo Publica",19,0,0,1,"Medio","Medio",1,1,1,0,1,0
1180,8.96666666666667,9.35714285714286,7.6,9.14285714285714,90,90,60,70,0.0666666666666667,2013,"No corresponde","Interior Publica",18,0,0,0,"Bajo","Bajo",0,0,0,0,0,0
1188,3,4,1.4,3.83333333333333,60,0,10,0,0.285714285714286,2013,"No corresponde","Interior Publica",18,1,0,0,"Alto","Alto",0,0,0,0,0,0
1190,5.93103448275862,6.25,4.85714285714286,8,80,60,50,60,0.208333333333333,2013,"No corresponde","Interior Publica",17,1,0,0,"Medio","Alto",0,0,0,0,0,0
1203,NA,NA,NA,NA,0,0,0,0,NA,2013,"Entre 30 y 40 horas","Interior Publica",25,0,0,1,"Alto","Bajo",0,0,0,0,0,0
1205,5.85714285714286,8,7,0,50,0,0,0,0,2013,"No corresponde","Interior Publica",18,0,0,0,"Bajo","Medio",0,1,0,0,0,0
1207,8.03225806451613,8.46153846153846,6.125,8.33333333333333,90,90,80,60,0.129032258064516,2013,"No corresponde","Interior Privada",18,1,0,0,"Bajo","Alto",0,0,0,0,0,1
1211,0.5625,1.5,0,0,20,0,0,0,1,2012,"No corresponde","Montevideo Privada",18,1,0,0,"Medio","Alto",0,0,0,0,1,1
1216,8.47619047619048,9.44444444444444,6,9.25,80,30,20,80,0.05,2013,"No corresponde","Interior Publica",18,0,0,0,"Alto","Alto",1,0,0,1,0,0
1218,0,0,0,0,0,0,0,0,NA,2012,"Entre 30 y 40 horas","Interior Publica",19,1,0,1,"Medio","Alto",1,0,0,0,0,0
1219,2.59375,2,3.875,2.28571428571429,20,40,40,40,0.416666666666667,2012,"No corresponde","Interior Publica",18,0,0,0,"Medio","Medio",0,0,0,0,0,0
1220,NA,NA,NA,NA,0,0,0,0,NA,2013,"Más de 40 horas","Interior Publica",23,1,0,1,NA,"Alto",0,0,0,0,0,0
1233,7.17391304347826,7.25,6,8.4,60,80,60,30,0.130434782608696,2012,"No corresponde","Montevideo Publica",17,1,0,0,"Bajo","Bajo",0,0,0,0,1,0
1236,4.66666666666667,5.33333333333333,1.72727272727273,7.2,90,60,70,60,0.461538461538462,2012,"No corresponde","Interior Publica",18,1,0,0,"Medio","Medio",1,1,0,1,0,0
1246,6.1,7,6.5,7,30,10,30,20,0.444444444444444,2012,"No corresponde","Montevideo Publica",18,1,0,0,"Bajo","Bajo",1,0,0,0,1,0
1247,6,6.58823529411765,5.09090909090909,6,90,70,110,70,0.235294117647059,2013,"No corresponde","Interior Publica",18,1,0,0,"Bajo","Alto",1,0,0,0,0,0
1264,3.74074074074074,4.28571428571429,2.42857142857143,6.5,80,30,20,30,0.5,2012,"No corresponde","Interior Publica",18,1,0,0,"Bajo","Bajo",1,0,0,0,0,0
1267,4.47619047619048,4.57142857142857,4,3.5,40,40,30,20,0.230769230769231,2013,"No corresponde","Interior Publica",18,0,0,0,"Bajo","Bajo",0,1,0,1,0,0
1273,3.25,6.33333333333333,2.625,0,40,20,0,40,0.2,2013,"No corresponde","Montevideo Privada",18,1,0,0,"Alto","Bajo",1,0,0,0,1,1
1274,4.57142857142857,4.66666666666667,5.5,7,50,40,50,30,0.333333333333333,2012,"No corresponde","Montevideo Publica",19,0,0,0,"Bajo","Bajo",1,0,0,1,1,0
1276,6.94736842105263,6.75,5.33333333333333,6.75,80,30,60,30,0.157894736842105,2012,"No corresponde","Interior Publica",18,1,0,0,"Bajo","Bajo",0,1,0,0,0,0
1280,8.85714285714286,10,9.5,7,40,30,0,0,0,2012,"Entre 10 y 20 horas","Montevideo Publica",19,0,0,1,"Bajo","Bajo",0,0,0,0,1,0
1284,7.38888888888889,6.88888888888889,6.75,9,90,70,100,80,0.205882352941176,2012,"No corresponde","Montevideo Publica",18,0,0,0,"Medio","Bajo",0,0,0,0,1,0
1289,4.54545454545455,5,4.4,8,40,50,20,50,0.2,2013,"No corresponde","Montevideo Publica",19,0,0,0,"Alto","Medio",1,0,0,0,1,0
1295,6.15384615384615,6.2,4.125,9,90,60,50,60,0.272727272727273,2012,"No corresponde","Interior Publica",18,1,0,0,"Bajo","Bajo",1,0,0,0,0,0
1302,3.72727272727273,6,0,6,20,0,0,40,0.166666666666667,2012,"Entre 10 y 20 horas","Montevideo Publica",18,1,0,1,"Bajo","Bajo",0,0,1,0,1,0
1304,7,0,0,0,10,0,0,0,0,2012,"No corresponde","Montevideo Publica",18,1,0,0,"Bajo","Bajo",0,1,0,1,1,0
1306,7.76666666666667,8.07142857142857,6.25,9,70,90,80,70,0.133333333333333,2012,"No corresponde","Montevideo Publica",18,0,0,0,"Bajo","Bajo",0,0,0,0,1,0
1315,4.125,3.25,0,3,40,10,0,10,0.333333333333333,2013,"Menos de 10 horas","Interior Publica",19,1,0,1,"Bajo","Bajo",0,1,1,0,0,0
1321,6.36363636363636,6.41666666666667,4.25,7.66666666666667,70,40,60,40,0.285714285714286,2013,"No corresponde","Montevideo Publica",18,1,0,0,"Bajo","Alto",1,0,0,0,1,0
1322,3.125,3,1.8,7,60,20,10,0,0.444444444444444,2013,"No corresponde","Interior Privada",18,1,0,0,"Medio","Medio",1,0,0,0,0,1
1325,3.38461538461538,5.66666666666667,1.875,6,40,10,20,10,0.375,2013,"No corresponde","Montevideo Publica",18,1,0,0,"Medio","Medio",1,0,1,1,1,0
1326,3.96296296296296,5,3.5,3.8,50,40,70,10,0.470588235294118,2012,"No corresponde","Montevideo Publica",18,1,0,0,"Medio","Bajo",1,0,0,1,1,0
1332,7.5,6,9,0,10,0,10,0,0,2013,"No corresponde","Montevideo Publica",20,0,0,0,"Alto","Alto",0,1,0,0,1,0
1337,3.73684210526316,4.75,2.2,4.375,40,50,10,10,0.272727272727273,2012,"No corresponde","Montevideo Privada",18,0,0,0,"Medio","Bajo",0,0,0,0,1,1
1339,4.81818181818182,5.53846153846154,5.22222222222222,7,60,30,40,80,0.259259259259259,2013,"No corresponde","Interior Publica",19,0,0,0,"Bajo","Bajo",1,0,0,0,0,0
1341,NA,NA,NA,NA,0,0,0,0,NA,2013,"No corresponde","Interior Publica",17,1,0,0,"Medio","Alto",1,1,0,0,0,0
1342,7.5,8,7,6,60,0,0,0,0,2012,"No corresponde","Interior Publica",18,1,0,0,"Bajo","Bajo",0,0,0,0,0,0
1350,6.5,0,0,0,0,0,0,0,0,2012,"Más de 40 horas","Montevideo Privada",23,1,0,1,"Alto","Medio",0,0,0,0,1,1
1354,2.86363636363636,4.2,0.545454545454545,5.6,50,40,10,0,0.1,2013,"No corresponde","Montevideo Publica",18,1,0,0,"Medio","Bajo",0,1,0,1,1,0
1356,8.25,10.1666666666667,4.5,9.33333333333333,0,70,50,30,0.133333333333333,2012,"No corresponde","Montevideo Privada",18,0,0,0,"Bajo","Alto",1,0,0,1,1,1
1363,7,6,0,8,20,0,0,0,0,2013,"No corresponde","Interior Publica",18,1,0,0,"Bajo","Bajo",0,1,0,0,0,0
1366,6.6,7,4.6,7,80,45,25,75,0.217391304347826,2012,"Entre 10 y 20 horas","Montevideo Privada",18,1,0,1,"Bajo","Medio",0,1,0,0,1,1
1378,8.36363636363636,8.625,8.22222222222222,7.5,90,90,80,80,0.0303030303030303,2012,"No corresponde","Montevideo Privada",18,1,0,0,"Alto","Alto",0,0,0,0,1,1
1382,6.25,8.2,4.33333333333333,6,50,40,40,50,0.235294117647059,2013,"No corresponde","Montevideo Publica",18,1,0,0,"Bajo","Alto",0,1,0,0,1,0
1388,7.17241379310345,7.07142857142857,6.71428571428571,7.2,90,70,80,60,0.172413793103448,2012,"No corresponde","Montevideo Privada",18,1,0,0,"Bajo","Medio",0,0,0,0,1,1
1391,7.4,7.6,5,8.5,20,50,60,20,0.2,2013,"No corresponde","Interior Publica",18,1,0,0,"Bajo","Bajo",1,0,0,0,0,0
1397,5.5,0,6,8,10,20,0,0,0,2012,"No corresponde","Interior Publica",18,1,0,0,"Medio","Alto",0,1,0,0,0,0
1410,3,3,0,3,10,10,0,0,0,2012,"No corresponde","Interior Publica",19,0,0,0,"Alto","Medio",0,0,0,1,0,0
1416,3,0,0,6,10,0,0,0,0,2013,"No corresponde","Interior Publica",18,1,0,0,"Bajo","Bajo",0,0,0,1,0,0
1421,6.8,6.25,3,8.66666666666667,60,30,30,30,0.214285714285714,2013,"No corresponde","Interior Publica",18,0,0,0,"Bajo","Bajo",1,1,0,1,0,0
1422,4.88461538461539,3.5,3.55555555555556,0,10,20,30,10,0.35,2013,"Entre 10 y 20 horas","Montevideo Publica",18,1,0,1,"Medio","Medio",0,0,0,0,1,0
1427,4.89473684210526,4,5.25,3.25,50,40,20,30,0.285714285714286,2012,"No corresponde","Montevideo Publica",18,1,0,0,"Bajo","Bajo",1,0,0,1,1,0
1430,3.4,0,0,0,0,0,0,20,0,2012,"No corresponde","Montevideo Publica",18,1,0,0,"Bajo","Medio",1,0,0,0,1,0
1431,9.11111111111111,9.26666666666667,7.5,9.8,90,90,50,90,0.15625,2013,"No corresponde","Montevideo Privada",19,1,0,0,"Alto","Alto",1,1,0,0,1,1
1439,5.59090909090909,6.2,6,3.83333333333333,70,60,50,10,0.315789473684211,2012,"No corresponde","Montevideo Publica",18,0,0,0,"Bajo","Medio",0,0,0,0,1,0
1440,2.94736842105263,5,0.833333333333333,4,10,40,40,10,0.4,2013,"No corresponde","Montevideo Publica",18,0,0,0,"Medio","Alto",0,0,0,0,1,0
1441,4.6,8,2.5,7,20,10,40,10,0.625,2013,"No corresponde","Montevideo Publica",18,0,0,0,"Medio","Medio",1,0,0,1,1,0
1453,3.11111111111111,6.33333333333333,0,3,30,20,0,0,0.2,2013,"No corresponde","Interior Publica",23,0,0,0,"Bajo","Alto",0,0,0,1,0,0
1457,3.66666666666667,6,4.75,7,40,10,40,10,0.3,2013,"Entre 20 y 30 horas","Montevideo Publica",18,1,0,1,"Bajo","Medio",1,0,0,0,1,0
1461,NA,NA,NA,NA,0,0,0,0,NA,2013,"No corresponde","Interior Publica",18,1,0,0,"Bajo","Bajo",0,0,0,0,0,0
1465,7.5,0,8,0,0,15,0,0,0,2013,"Entre 30 y 40 horas","Montevideo Privada",21,0,0,1,"Bajo","Bajo",0,0,1,0,1,1
1468,2.8,3.25,0,2.66666666666667,10,20,30,0,0,2012,"No corresponde","Interior Publica",18,0,0,0,"Bajo","Bajo",1,0,1,0,0,0
1475,5.25,7,0,10,30,0,0,0,0.333333333333333,2012,"Entre 20 y 30 horas","Montevideo Privada",19,0,0,1,"Medio","Medio",0,0,0,0,1,1
1476,1.29411764705882,1,0,4.5,30,0,0,0,0.333333333333333,2013,"No corresponde","Montevideo Privada",19,1,0,0,"Alto","Alto",0,0,0,0,1,1
1477,1.80769230769231,1.57142857142857,0,8,20,20,10,30,0.285714285714286,2012,"No corresponde","Montevideo Publica",22,1,0,0,"Bajo","Bajo",1,0,0,0,1,0
1478,0,0,0,0,0,0,0,0,NA,2013,"No corresponde","Interior Publica",18,0,0,0,"Medio","Medio",0,0,0,0,0,0
1481,3.66666666666667,7.5,0,7,0,20,0,10,0,2013,"Entre 30 y 40 horas","Montevideo Publica",20,0,0,1,"Bajo","Medio",1,0,0,0,1,0
1482,0.888888888888889,0,0,4,10,0,0,10,1,2012,"No corresponde","Interior Publica",18,1,0,0,"Bajo","Bajo",0,0,1,0,0,0
1485,3.55555555555556,6,2,12,40,40,20,0,0.6,2012,"Entre 30 y 40 horas","Montevideo Publica",22,1,1,1,"Medio",NA,1,0,0,0,1,0
1489,3.73684210526316,3.55555555555556,3.83333333333333,5.33333333333333,60,40,20,10,0.538461538461538,2013,"No corresponde","Montevideo Privada",18,0,0,0,"Alto","Alto",0,0,0,0,1,1
1492,5.46153846153846,6.75,2,7,20,40,25,10,0.2,2013,"No corresponde","Interior Publica",20,1,0,0,"Bajo","Bajo",0,0,1,1,0,0
1493,4.66666666666667,5,3.16666666666667,6.6,60,50,0,20,0.0769230769230769,2013,"No corresponde","Montevideo Publica",18,0,0,0,"Alto","Alto",1,0,0,0,1,0
1501,0,0,0,0,0,0,0,0,NA,2012,"No corresponde","Montevideo Publica",18,1,0,0,"Alto","Medio",1,0,0,0,1,0
1511,1.95,0.428571428571429,0,5.14285714285714,30,30,0,0,0.333333333333333,2012,"No corresponde","Montevideo Privada",18,1,0,0,"Medio","Medio",0,0,0,0,1,1
1515,5.88888888888889,6.1,3,6.5,80,70,50,30,0.125,2013,"No corresponde","Montevideo Publica",18,0,0,0,"Medio","Medio",0,0,0,0,1,0
1519,1.31034482758621,2.66666666666667,1.2,0.8,20,20,10,20,0.571428571428571,2012,"Entre 10 y 20 horas","Interior Publica",18,1,0,1,"Bajo","Medio",1,1,0,0,0,0
1523,5.75862068965517,5.84615384615385,3.85714285714286,7,90,70,50,60,0.0833333333333333,2013,"No corresponde","Interior Publica",18,0,0,0,"Alto","Alto",0,0,0,0,0,0
1524,0.59375,0,0,2,10,10,0,10,0.333333333333333,2012,"Entre 30 y 40 horas","Montevideo Publica",19,0,0,1,"Bajo","Bajo",1,0,1,0,1,0
1527,0.3,1.5,0,0,10,0,0,0,1,2013,"No corresponde","Interior Publica",19,0,0,0,"Bajo","Bajo",1,0,0,1,0,0
1531,6.2962962962963,7.81818181818182,4.57142857142857,6.83333333333333,60,80,50,50,0.291666666666667,2012,"Entre 10 y 20 horas","Montevideo Privada",18,0,0,1,"Bajo","Medio",0,0,0,0,1,1
1532,0.111111111111111,0,0,0.333333333333333,0,0,0,0,NA,2013,"Entre 30 y 40 horas","Montevideo Publica",18,0,0,1,"Medio","Medio",1,0,0,0,1,0
1544,0,0,0,0,0,0,0,0,NA,2013,"Entre 30 y 40 horas","Interior Publica",20,1,0,1,"Bajo","Medio",0,0,1,0,0,0
1551,5,5.28571428571429,3.57142857142857,5.33333333333333,30,50,30,60,0.266666666666667,2013,"No corresponde","Montevideo Publica",18,1,0,0,"Bajo","Medio",0,0,0,0,1,0
1562,NA,NA,NA,NA,0,0,0,0,NA,2012,"Menos de 10 horas","Interior Publica",18,1,0,1,"Bajo","Bajo",1,0,0,0,0,0
1568,2,0,0,0,10,0,0,0,0,2012,"Entre 30 y 40 horas","Interior Publica",18,1,0,1,"Bajo","Bajo",1,0,0,0,0,0
1569,9.11111111111111,9.75,9,10,100,105,65,95,0.257142857142857,2013,"Más de 40 horas","Montevideo Publica",18,0,0,1,"Alto","Medio",1,0,0,0,1,0
1577,6.62162162162162,6.6875,4.66666666666667,7.6,90,90,70,110,0.222222222222222,2013,"No corresponde","Montevideo Publica",19,1,0,0,"Alto","Alto",0,0,0,0,1,0
1594,8.06666666666667,8.28571428571429,7.42857142857143,8.6,90,70,70,80,0,2012,"No corresponde","Montevideo Publica",18,0,0,0,"Alto","Medio",0,0,0,0,1,0
1595,4.68421052631579,6.2,3,5.4,60,40,10,30,0.214285714285714,2012,"No corresponde","Montevideo Privada",18,0,0,0,"Bajo","Medio",0,0,0,0,1,1
1597,8,7.55555555555556,7,8.33333333333333,70,80,30,70,0.291666666666667,2012,"No corresponde","Montevideo Privada",19,1,0,0,"Medio","Medio",1,0,0,0,1,1
1600,9.14285714285714,9.75,7.125,9.6,90,90,40,30,0.04,2013,"No corresponde","Montevideo Privada",17,1,0,0,"Alto","Alto",0,0,0,0,1,1
1615,3.76470588235294,3.625,2.9,4.2,70,40,60,70,0.521739130434783,2013,"No corresponde","Interior Privada",18,1,0,0,"Alto","Alto",1,0,0,0,0,1
1635,2.40625,4.5,4,7,40,30,35,15,0.538461538461538,2013,"No corresponde","Montevideo Publica",18,0,0,0,"Bajo","Bajo",1,0,1,1,1,0
1637,2,3,0,7,20,10,0,0,0.333333333333333,2012,"No corresponde","Montevideo Publica",21,0,0,0,"Bajo","Bajo",1,1,1,0,1,0
1640,3.79166666666667,4.33333333333333,2.16666666666667,7.5,60,30,30,35,0.4,2012,"No corresponde","Montevideo Publica",18,0,0,0,"Alto","Alto",1,1,0,0,1,0
1644,6.23076923076923,9,4.66666666666667,7,90,20,0,0,0.181818181818182,2013,"No corresponde","Interior Publica",18,0,0,0,"Medio","Bajo",1,0,0,0,0,0
1645,9.05882352941176,9.125,8.28571428571429,9,100,80,90,70,0.235294117647059,2013,"No corresponde","Montevideo Privada",18,1,0,0,"Alto","Medio",1,0,0,0,1,1
1650,1.6,3.5,0,1,10,0,0,0,0,2012,"No corresponde","Montevideo Publica",18,0,0,0,"Medio","Alto",0,0,0,1,1,0
1654,5.5,0,6,0,0,0,0,15,1,2013,"Menos de 10 horas","Interior Publica",19,1,0,1,"Alto","Medio",1,1,1,0,0,0
1656,3.22222222222222,3,3.5,3.5,10,40,0,0,0.4,2012,"No corresponde","Montevideo Publica",18,1,0,0,"Bajo","Bajo",1,1,0,0,1,0
1657,3.5,0,7,0,0,0,5,0,1,2013,"No corresponde","Interior Publica",19,1,0,0,"Medio","Bajo",0,0,1,0,0,0
1663,NA,NA,NA,NA,0,0,0,0,NA,2013,"No corresponde","Montevideo Publica",18,1,0,0,"Bajo","Medio",0,0,1,0,1,0
1669,1.28571428571429,1.5,0,0,20,0,0,0,1,2013,"No corresponde","Interior Publica",18,1,0,0,"Bajo","Bajo",0,0,0,0,0,0
1672,4.5,5.66666666666667,2.22222222222222,7.25,30,10,55,35,0.142857142857143,2013,"No corresponde","Interior Publica",20,0,0,0,"Bajo","Bajo",0,0,1,0,0,0
1673,2.6,6.66666666666667,0,0,10,10,0,20,0.25,2012,"Entre 10 y 20 horas","Montevideo Publica",18,1,0,1,"Alto","Alto",0,0,0,0,1,0
1679,1.2,3,0,1,0,0,20,0,1,2013,"No corresponde","Montevideo Privada",19,0,0,0,"Alto","Alto",0,0,0,1,1,1
1683,3,5.5,6,2,10,30,20,0,0.333333333333333,2013,"No corresponde","Interior Publica",18,0,0,0,"Bajo","Bajo",1,0,0,0,0,0
1692,1.8,1,2.6,1.6,60,10,0,10,0.5,2012,"No corresponde","Interior Publica",18,1,0,0,"Bajo","Bajo",1,0,0,0,0,0
1694,2.4,4,0,4,20,0,10,0,0.333333333333333,2013,"No corresponde","Montevideo Privada",19,1,0,0,NA,"Alto",0,0,1,1,1,1
1700,5.33333333333333,9,0,0,10,10,0,0,0,2012,"No corresponde","Interior Publica",18,0,0,0,"Bajo","Bajo",1,1,1,0,0,0
1705,0.916666666666667,3,0,0,0,10,0,10,0.5,2012,"Entre 20 y 30 horas","Montevideo Publica",20,0,0,1,"Bajo","Bajo",1,1,1,0,1,0
1710,7,6.5,0,0,10,0,20,0,0,2013,"No corresponde","Montevideo Publica",19,1,0,0,"Alto","Alto",0,0,0,1,1,0
1715,0.166666666666667,0,0,0.5,0,0,0,0,NA,2013,"No corresponde","Interior Publica",18,1,0,0,"Bajo","Bajo",1,0,0,1,0,0
1717,5.95238095238095,6.5,5.85714285714286,6.33333333333333,70,40,60,10,0.294117647058824,2013,"No corresponde","Interior Publica",19,0,0,0,"Medio","Alto",0,0,0,0,0,0
1722,7.97058823529412,8.33333333333333,8.44444444444444,7.42857142857143,90,80,70,100,0.0882352941176471,2012,"No corresponde","Interior Publica",18,1,0,0,"Bajo","Bajo",1,0,0,0,0,0
1731,6.3,6.71428571428571,5,7.75,50,40,40,60,0.277777777777778,2012,"No corresponde","Montevideo Privada",19,0,0,0,"Bajo","Medio",1,0,0,0,1,1
1734,4,8,0,0,10,0,0,0,0,2013,"No corresponde","Montevideo Privada",18,1,0,0,"Bajo","Medio",0,0,0,0,1,1
1742,NA,NA,NA,NA,0,0,0,0,NA,2013,"No corresponde","Montevideo Privada",18,0,0,0,"Alto","Alto",0,0,0,0,1,1
1747,5.08333333333333,7,4,6.2,40,50,10,0,0.1,2013,"No corresponde","Interior Privada",18,0,0,0,"Medio","Alto",1,0,0,0,0,1
1750,3,2.3125,2.66666666666667,5.6,90,50,20,20,0.352941176470588,2012,"No corresponde","Interior Publica",18,1,0,0,"Medio","Bajo",0,0,0,0,0,0
1753,1.7037037037037,2.125,1.25,4.66666666666667,20,40,10,0,0.285714285714286,2012,"Más de 40 horas","Interior Publica",19,0,0,1,"Bajo","Bajo",0,0,0,0,0,0
1764,9.06666666666667,8.92857142857143,7.57142857142857,11,80,80,80,60,0,2013,"No corresponde","Montevideo Privada",18,1,0,0,"Alto","Alto",0,0,0,0,1,1
1766,6.92307692307692,7.44444444444444,5.5,6.8,90,90,80,110,0.184210526315789,2012,"No corresponde","Montevideo Privada",18,1,0,0,"Medio","Medio",0,0,0,0,1,1
1774,1.5,3,0,0,20,0,0,0,0.5,2012,"No corresponde","Interior Publica",17,1,0,0,"Bajo","Bajo",1,0,0,0,0,0
1777,6.57142857142857,6.28571428571429,4.75,7.85714285714286,60,20,50,50,0.263157894736842,2012,"No corresponde","Interior Publica",18,0,0,0,NA,"Alto",0,1,0,0,0,0
1780,5.66666666666667,5.8,4,6.75,40,40,30,20,0.230769230769231,2013,"No corresponde","Interior Publica",19,0,0,0,"Bajo","Bajo",1,0,0,0,0,0
1787,6.5,6.5,0,6.5,30,10,0,0,0,2012,"No corresponde","Montevideo Publica",18,1,0,0,"Bajo","Alto",1,0,0,1,1,0
1793,3.80952380952381,4,1.42857142857143,5.75,40,50,10,30,0.384615384615385,2012,"No corresponde","Interior Publica",17,1,0,0,"Bajo","Bajo",1,0,0,0,0,0
1794,7.21212121212121,7.47058823529412,6.14285714285714,7,90,70,80,90,0.0625,2012,"No corresponde","Interior Publica",18,1,0,0,"Bajo","Bajo",0,1,0,0,0,0
1795,5.09090909090909,4.33333333333333,5.33333333333333,5.14285714285714,70,60,30,10,0.117647058823529,2012,"No corresponde","Interior Publica",18,1,0,0,"Alto","Alto",0,0,0,0,0,0
1798,1.95833333333333,2.42857142857143,0,4.66666666666667,30,20,30,0,0.375,2013,"Entre 20 y 30 horas","Montevideo Publica",17,1,0,1,"Alto","Alto",1,0,1,0,1,0
1800,1.83870967741935,1.4,1.83333333333333,4.2,20,0,20,60,0.5,2012,"No corresponde","Interior Publica",20,0,0,0,"Bajo","Medio",1,0,1,0,0,0
1801,0,0,0,0,0,0,0,0,NA,2012,"No corresponde","Interior Privada",35,0,0,0,"Alto","Alto",0,0,0,1,0,1
1803,7.7037037037037,7.83333333333333,7.57142857142857,8.2,80,80,50,60,0.0740740740740741,2012,"No corresponde","Interior Publica",18,1,0,0,"Alto","Alto",0,0,0,0,0,0
1804,NA,NA,NA,NA,0,0,0,0,NA,2013,"Entre 10 y 20 horas","Interior Privada",19,0,0,1,"Medio","Alto",0,0,0,0,0,1
1806,4.96875,4.16666666666667,3.22222222222222,7.14285714285714,80,50,50,50,0.125,2013,"No corresponde","Interior Privada",19,0,0,0,"Alto","Alto",0,0,0,0,0,1
1807,1.2,0,2,0,0,10,0,0,0,2012,"No corresponde","Interior Privada",17,0,0,0,"Bajo","Bajo",1,0,0,1,0,1
1816,0,0,0,0,0,0,0,0,NA,2012,"No corresponde","Interior Privada",18,0,0,0,"Bajo","Medio",1,0,0,0,0,1
